"HITId","HITTypeId","Title","Description","Keywords","Reward","CreationTime","MaxAssignments","RequesterAnnotation","AssignmentDurationInSeconds","AutoApprovalDelayInSeconds","Expiration","NumberOfSimilarHITs","LifetimeInSeconds","AssignmentId","WorkerId","AssignmentStatus","AcceptTime","SubmitTime","AutoApprovalTime","ApprovalTime","RejectionTime","RequesterFeedback","WorkTimeInSeconds","LifetimeApprovalRate","Last30DaysApprovalRate","Last7DaysApprovalRate","Input.title","Input.first_line","Input.keyword1","Input.keyword2","Input.keyword3","Input.mood","Answer.line1","Answer.line2","Answer.line3","Approve","Reject"
"3X2YVV51PUJ92D0I1XSSOHL131X1W6","3EP32X4638KBVFEC0QB87T4462NH1N","Write a short poem","Write a short poem","Poetry, poem, mood, keywords, text","$0.01","Sun Apr 28 13:14:46 PDT 2019","3","BatchId:3623649;OriginalHitTemplateId:920937340;","3600","259200","Sun May 05 13:14:46 PDT 2019","","","35H6S234SBFDJ0KP14M2HWVU9JD656","A13UE2N4QSD2I7","Submitted","Sun Apr 28 13:49:41 PDT 2019","Sun Apr 28 13:50:52 PDT 2019","Wed May 01 13:50:52 PDT 2019","","","","71","0% (0/0)","0% (0/0)","0% (0/0)","INVITATION (Where the Sidewalk Ends)","If you are a dreamer, come in,","dreamer","story","invitation","Happy","you don't need an invitation","let your story begin","do well on your nation"
"3X2YVV51PUJ92D0I1XSSOHL131X1W6","3EP32X4638KBVFEC0QB87T4462NH1N","Write a short poem","Write a short poem","Poetry, poem, mood, keywords, text","$0.01","Sun Apr 28 13:14:46 PDT 2019","3","BatchId:3623649;OriginalHitTemplateId:920937340;","3600","259200","Sun May 05 13:14:46 PDT 2019","","","39L1G8WVWR6FYZWOHFMS736TNC931I","ACA923K63POC0","Submitted","Sun Apr 28 14:44:04 PDT 2019","Sun Apr 28 14:46:17 PDT 2019","Wed May 01 14:46:17 PDT 2019","","","","133","0% (0/0)","0% (0/0)","0% (0/0)","INVITATION (Where the Sidewalk Ends)","If you are a dreamer, come in,","dreamer","story","invitation","Happy","Your story we want to hear","Your invitation has been","The highlight of of everyone's year"
"3X2YVV51PUJ92D0I1XSSOHL131X1W6","3EP32X4638KBVFEC0QB87T4462NH1N","Write a short poem","Write a short poem","Poetry, poem, mood, keywords, text","$0.01","Sun Apr 28 13:14:46 PDT 2019","3","BatchId:3623649;OriginalHitTemplateId:920937340;","3600","259200","Sun May 05 13:14:46 PDT 2019","","","3TYCR1GOTDYT9Z7LVWZKVJKM0DEZLI","A2ILVU6N0FXRNM","Submitted","Sun Apr 28 15:46:11 PDT 2019","Sun Apr 28 15:47:55 PDT 2019","Wed May 01 15:47:55 PDT 2019","","","","104","0% (0/0)","0% (0/0)","0% (0/0)","INVITATION (Where the Sidewalk Ends)","If you are a dreamer, come in,","dreamer","story","invitation","Happy","Invitation to you as all have a story to tell","You are a wonderful dreamer like all the kin","You words like chirping or a bell"
"3W1K7D6QSBWE96NFEH5OTXSS6FRZBC","3EP32X4638KBVFEC0QB87T4462NH1N","Write a short poem","Write a short poem","Poetry, poem, mood, keywords, text","$0.01","Sun Apr 28 13:14:46 PDT 2019","3","BatchId:3623649;OriginalHitTemplateId:920937340;","3600","259200","Sun May 05 13:14:46 PDT 2019","","","30ZX6P7VF9AX8YG934ETSTXNBFE2JF","A17E9CY6MRFTO7","Submitted","Sun Apr 28 17:43:15 PDT 2019","Sun Apr 28 17:49:04 PDT 2019","Wed May 01 17:49:04 PDT 2019","","","","349","0% (0/0)","0% (0/0)","0% (0/0)","HOW MANY, HOW MUCH (A Light in the Attic)","How many slams in an old screen door?","friend","love","door","Happy","How many friends must knock it to the ground?","How many times will we pick it up from the floor?","As many times as we hear that sound."
"3W1K7D6QSBWE96NFEH5OTXSS6FRZBC","3EP32X4638KBVFEC0QB87T4462NH1N","Write a short poem","Write a short poem","Poetry, poem, mood, keywords, text","$0.01","Sun Apr 28 13:14:46 PDT 2019","3","BatchId:3623649;OriginalHitTemplateId:920937340;","3600","259200","Sun May 05 13:14:46 PDT 2019","","","35BLDD71I7CW54JF901QISIORBIVZZ","AQH7ZVVUB8UZW","Submitted","Sun Apr 28 17:04:34 PDT 2019","Sun Apr 28 17:06:59 PDT 2019","Wed May 01 17:06:59 PDT 2019","","","","145","0% (0/0)","0% (0/0)","0% (0/0)","HOW MANY, HOW MUCH (A Light in the Attic)","How many slams in an old screen door?","friend","love","door","Happy","Many friends come and go","That sound is something I adore","It means I'm love and exceedingly so"
"3W1K7D6QSBWE96NFEH5OTXSS6FRZBC","3EP32X4638KBVFEC0QB87T4462NH1N","Write a short poem","Write a short poem","Poetry, poem, mood, keywords, text","$0.01","Sun Apr 28 13:14:46 PDT 2019","3","BatchId:3623649;OriginalHitTemplateId:920937340;","3600","259200","Sun May 05 13:14:46 PDT 2019","","","3V26SBZTBETDEOOPAXQT3YVKFMHZZW","A13UE2N4QSD2I7","Submitted","Sun Apr 28 13:53:07 PDT 2019","Sun Apr 28 13:54:07 PDT 2019","Wed May 01 13:54:07 PDT 2019","","","","60","0% (0/0)","0% (0/0)","0% (0/0)","HOW MANY, HOW MUCH (A Light in the Attic)","How many slams in an old screen door?","friend","love","door","Happy","take a guess my friend","love your hammer just like thor","and ride or die until the end"
"3KTCJ4SCVGGDX164XVM5FJJA5ZIM1Z","3EP32X4638KBVFEC0QB87T4462NH1N","Write a short poem","Write a short poem","Poetry, poem, mood, keywords, text","$0.01","Sun Apr 28 13:14:46 PDT 2019","3","BatchId:3623649;OriginalHitTemplateId:920937340;","3600","259200","Sun May 05 13:14:46 PDT 2019","","","3180JW2OT5RP7VZWLNGRQ00ZVP05JE","AU6N1ZWP2N4VU","Submitted","Sun Apr 28 14:40:45 PDT 2019","Sun Apr 28 14:47:11 PDT 2019","Wed May 01 14:47:11 PDT 2019","","","","386","0% (0/0)","0% (0/0)","0% (0/0)","LISTEN TO THE MUSTN’TS (Where the Sidewalk Ends)","Listen to the MUSTN’TS, child,","anything","child","shouldn'ts","Happy","But don't let the shouldn'ts get you down","Be free, run wild","Anything goes on the merry-go-round"
"3KTCJ4SCVGGDX164XVM5FJJA5ZIM1Z","3EP32X4638KBVFEC0QB87T4462NH1N","Write a short poem","Write a short poem","Poetry, poem, mood, keywords, text","$0.01","Sun Apr 28 13:14:46 PDT 2019","3","BatchId:3623649;OriginalHitTemplateId:920937340;","3600","259200","Sun May 05 13:14:46 PDT 2019","","","3R0T90IZ1TR0FEIASRIW7TETVECGC0","A1ESO3NFQXHF32","Submitted","Sun Apr 28 19:15:45 PDT 2019","Sun Apr 28 19:17:01 PDT 2019","Wed May 01 19:17:01 PDT 2019","","","","76","0% (0/0)","0% (0/0)","0% (0/0)","LISTEN TO THE MUSTN’TS (Where the Sidewalk Ends)","Listen to the MUSTN’TS, child,","anything","child","shouldn'ts","Happy","i will do anything for you","we will have child and many things to do","we shouldn'ts be fighting, and be happy in this mood"
"3KTCJ4SCVGGDX164XVM5FJJA5ZIM1Z","3EP32X4638KBVFEC0QB87T4462NH1N","Write a short poem","Write a short poem","Poetry, poem, mood, keywords, text","$0.01","Sun Apr 28 13:14:46 PDT 2019","3","BatchId:3623649;OriginalHitTemplateId:920937340;","3600","259200","Sun May 05 13:14:46 PDT 2019","","","3WOKGM4L72V4DZ4S4U2KH1LUDB6O02","A3AAC42XHLJPKM","Submitted","Sun Apr 28 19:20:19 PDT 2019","Sun Apr 28 19:21:32 PDT 2019","Wed May 01 19:21:32 PDT 2019","","","","73","0% (0/0)","0% (0/0)","0% (0/0)","LISTEN TO THE MUSTN’TS (Where the Sidewalk Ends)","Listen to the MUSTN’TS, child,","anything","child","shouldn'ts","Happy","Listen to the DON'TS","Listen to the SHOULDN'TS","The IMPOSSIBLES, the WONT'S"
"31KSVEGZ347XVIZZZR77U83E7ZQWRW","3EP32X4638KBVFEC0QB87T4462NH1N","Write a short poem","Write a short poem","Poetry, poem, mood, keywords, text","$0.01","Sun Apr 28 13:14:46 PDT 2019","3","BatchId:3623649;OriginalHitTemplateId:920937340;","3600","259200","Sun May 05 13:14:46 PDT 2019","","","38YMOXR4MVE7WJZ9X59B7W87TGK6WQ","A1JOL0TYX73NBO","Submitted","Sun Apr 28 14:30:25 PDT 2019","Sun Apr 28 14:33:00 PDT 2019","Wed May 01 14:33:00 PDT 2019","","","","155","0% (0/0)","0% (0/0)","0% (0/0)","MASKS (Every Thing On It)","She had blue skin.","skin","hid","passed","Sad","that hid from the kin","shallow into the night","hidden in fright"
"31KSVEGZ347XVIZZZR77U83E7ZQWRW","3EP32X4638KBVFEC0QB87T4462NH1N","Write a short poem","Write a short poem","Poetry, poem, mood, keywords, text","$0.01","Sun Apr 28 13:14:46 PDT 2019","3","BatchId:3623649;OriginalHitTemplateId:920937340;","3600","259200","Sun May 05 13:14:46 PDT 2019","","","39GXDJN2OUTHL8IS0A1D58LKS2FV8Y","A1EO8DYSSEB3XJ","Submitted","Sun Apr 28 19:46:47 PDT 2019","Sun Apr 28 19:55:22 PDT 2019","Wed May 01 19:55:22 PDT 2019","","","","515","0% (0/0)","0% (0/0)","0% (0/0)","MASKS (Every Thing On It)","She had blue skin.","skin","hid","passed","Sad","Her soul hid itself in death.","The next of kin sighed and wept.","Mourning the kid who had passed."
"31KSVEGZ347XVIZZZR77U83E7ZQWRW","3EP32X4638KBVFEC0QB87T4462NH1N","Write a short poem","Write a short poem","Poetry, poem, mood, keywords, text","$0.01","Sun Apr 28 13:14:46 PDT 2019","3","BatchId:3623649;OriginalHitTemplateId:920937340;","3600","259200","Sun May 05 13:14:46 PDT 2019","","","3NAPMVF0ZXU4O3F72VPWP3SEKKB275","A1ZUMDIFIZNMF0","Submitted","Sun Apr 28 15:42:57 PDT 2019","Sun Apr 28 15:56:08 PDT 2019","Wed May 01 15:56:08 PDT 2019","","","","791","0% (0/0)","0% (0/0)","0% (0/0)","MASKS (Every Thing On It)","She had blue skin.","skin","hid","passed","Sad","With blue eyes to match.","She didn't know what love meant within.","There is another blue heart out in the world, she is hoping to catch"
"3WUVMVA7OBI9QWIN835SYM8MOX6ZAH","3EP32X4638KBVFEC0QB87T4462NH1N","Write a short poem","Write a short poem","Poetry, poem, mood, keywords, text","$0.01","Sun Apr 28 13:14:46 PDT 2019","3","BatchId:3623649;OriginalHitTemplateId:920937340;","3600","259200","Sun May 05 13:14:46 PDT 2019","","","3I33IC7ZWGHM75D59Y1GZUU4LSMA29","A3AAC42XHLJPKM","Submitted","Sun Apr 28 19:02:51 PDT 2019","Sun Apr 28 19:07:45 PDT 2019","Wed May 01 19:07:45 PDT 2019","","","","294","0% (0/0)","0% (0/0)","0% (0/0)","PANCAKE? (Where the Sidewalk Ends)","Who wants a pancake,","pancake","griddle","swet","Funny","Sweet and piping hot?","Good little Grace looks up and says,","""I'll take the one on top."""
"3WUVMVA7OBI9QWIN835SYM8MOX6ZAH","3EP32X4638KBVFEC0QB87T4462NH1N","Write a short poem","Write a short poem","Poetry, poem, mood, keywords, text","$0.01","Sun Apr 28 13:14:46 PDT 2019","3","BatchId:3623649;OriginalHitTemplateId:920937340;","3600","259200","Sun May 05 13:14:46 PDT 2019","","","3MB8LZR5BG8YK48ZVVWA84W9W48KLO","A1EO8DYSSEB3XJ","Submitted","Sun Apr 28 20:11:02 PDT 2019","Sun Apr 28 20:21:35 PDT 2019","Wed May 01 20:21:35 PDT 2019","","","","633","0% (0/0)","0% (0/0)","0% (0/0)","PANCAKE? (Where the Sidewalk Ends)","Who wants a pancake,","pancake","griddle","swet","Funny","The griddle is hot","Sweet yummy pancakes","Buttery goodness in the pot."
"3WUVMVA7OBI9QWIN835SYM8MOX6ZAH","3EP32X4638KBVFEC0QB87T4462NH1N","Write a short poem","Write a short poem","Poetry, poem, mood, keywords, text","$0.01","Sun Apr 28 13:14:46 PDT 2019","3","BatchId:3623649;OriginalHitTemplateId:920937340;","3600","259200","Sun May 05 13:14:46 PDT 2019","","","3UXUOQ9OKFCTT6ABFAIBVLBCW86A7N","A1XUXY84RLKDTW","Submitted","Sun Apr 28 17:40:36 PDT 2019","Sun Apr 28 17:42:47 PDT 2019","Wed May 01 17:42:47 PDT 2019","","","","131","0% (0/0)","0% (0/0)","0% (0/0)","PANCAKE? (Where the Sidewalk Ends)","Who wants a pancake,","pancake","griddle","swet","Funny","All Syrupy and Sweet?","Stir the batter, give it a shake","Brown and Flip, now isn't that neat."
"33Q5P9PUSP1XJBFLSH1J4HYAO0RZCJ","3EP32X4638KBVFEC0QB87T4462NH1N","Write a short poem","Write a short poem","Poetry, poem, mood, keywords, text","$0.01","Sun Apr 28 13:14:46 PDT 2019","3","BatchId:3623649;OriginalHitTemplateId:920937340;","3600","259200","Sun May 05 13:14:46 PDT 2019","","","3DL65MZB8EU2V0MJMWS87QTHIYYECI","A1EO8DYSSEB3XJ","Submitted","Sun Apr 28 20:07:04 PDT 2019","Sun Apr 28 20:10:57 PDT 2019","Wed May 01 20:10:57 PDT 2019","","","","233","0% (0/0)","0% (0/0)","0% (0/0)","SNOWBALL (Falling Up)","I made myself a snowball","snowball","pajamas","sleep","Funny","And got my pajamas soaking wet","I didn't sleep a wink at all","until dry pajamas I did get"
"33Q5P9PUSP1XJBFLSH1J4HYAO0RZCJ","3EP32X4638KBVFEC0QB87T4462NH1N","Write a short poem","Write a short poem","Poetry, poem, mood, keywords, text","$0.01","Sun Apr 28 13:14:46 PDT 2019","3","BatchId:3623649;OriginalHitTemplateId:920937340;","3600","259200","Sun May 05 13:14:46 PDT 2019","","","3XIQGXAUMDN5PJI4QKAPFTMAXTLX7K","ATQ4CN8RDR9FA","Submitted","Sun Apr 28 22:21:09 PDT 2019","Sun Apr 28 22:26:21 PDT 2019","Wed May 01 22:26:21 PDT 2019","","","","312","0% (0/0)","0% (0/0)","0% (0/0)","SNOWBALL (Falling Up)","I made myself a snowball","snowball","pajamas","sleep","Funny","In my pajamas, still half awake","Dashed it on the wall","Woosh! I'm out of my sleep it was all over her face, the cake."
"33Q5P9PUSP1XJBFLSH1J4HYAO0RZCJ","3EP32X4638KBVFEC0QB87T4462NH1N","Write a short poem","Write a short poem","Poetry, poem, mood, keywords, text","$0.01","Sun Apr 28 13:14:46 PDT 2019","3","BatchId:3623649;OriginalHitTemplateId:920937340;","3600","259200","Sun May 05 13:14:46 PDT 2019","","","3YJ6NA41JCVT05HF52P5O65GMP8PJR","A3AAC42XHLJPKM","Submitted","Sun Apr 28 19:35:42 PDT 2019","Sun Apr 28 19:36:55 PDT 2019","Wed May 01 19:36:55 PDT 2019","","","","73","0% (0/0)","0% (0/0)","0% (0/0)","SNOWBALL (Falling Up)","I made myself a snowball","snowball","pajamas","sleep","Funny","As perfect as can be.","I thought I'd keep it as a pet,","And let it sleep with me."
"3SBNLSTU6UK7O3LZSDWUONGS903ZDJ","3EP32X4638KBVFEC0QB87T4462NH1N","Write a short poem","Write a short poem","Poetry, poem, mood, keywords, text","$0.01","Sun Apr 28 13:14:46 PDT 2019","3","BatchId:3623649;OriginalHitTemplateId:920937340;","3600","259200","Sun May 05 13:14:46 PDT 2019","","","31QTRG6Q2USJVUCER2Q8YTK4ZTGYPT","A3J3IXX1UONTRO","Submitted","Sun Apr 28 18:41:02 PDT 2019","Sun Apr 28 18:46:08 PDT 2019","Wed May 01 18:46:08 PDT 2019","","","","306","0% (0/0)","0% (0/0)","0% (0/0)","SOMETHING MISSING (A Light in the Attic)","I remember I put on my socks,","forgot","socks","beautiful","Funny","A pair of beautiful blues.","But had a few hard knocks","Because I forgot my shoes!"
"3SBNLSTU6UK7O3LZSDWUONGS903ZDJ","3EP32X4638KBVFEC0QB87T4462NH1N","Write a short poem","Write a short poem","Poetry, poem, mood, keywords, text","$0.01","Sun Apr 28 13:14:46 PDT 2019","3","BatchId:3623649;OriginalHitTemplateId:920937340;","3600","259200","Sun May 05 13:14:46 PDT 2019","","","3ATTHHXXWB32E3Z09BEM6ICJB9MIXQ","A1HYN3SBG2ORO5","Submitted","Sun Apr 28 15:20:26 PDT 2019","Sun Apr 28 15:21:11 PDT 2019","Wed May 01 15:21:11 PDT 2019","","","","45","0% (0/0)","0% (0/0)","0% (0/0)","SOMETHING MISSING (A Light in the Attic)","I remember I put on my socks,","forgot","socks","beautiful","Funny","before I put on my shoes","I can't believe I almost forgot","something like this could feel so beautiful"
"3SBNLSTU6UK7O3LZSDWUONGS903ZDJ","3EP32X4638KBVFEC0QB87T4462NH1N","Write a short poem","Write a short poem","Poetry, poem, mood, keywords, text","$0.01","Sun Apr 28 13:14:46 PDT 2019","3","BatchId:3623649;OriginalHitTemplateId:920937340;","3600","259200","Sun May 05 13:14:46 PDT 2019","","","3Y9N9SS8LZQ9QUC0X86N8572C9JD3P","A3DK4XGUEZ4C76","Submitted","Sun Apr 28 19:14:15 PDT 2019","Sun Apr 28 19:19:51 PDT 2019","Wed May 01 19:19:51 PDT 2019","","","","336","0% (0/0)","0% (0/0)","0% (0/0)","SOMETHING MISSING (A Light in the Attic)","I remember I put on my socks,","forgot","socks","beautiful","Funny","I know this truer than do not","for where my stash of beautiful rocks","is what i had forgot"
"3BS6ERDL93M50T1OQ8ZJRPNX4W76D0","3EP32X4638KBVFEC0QB87T4462NH1N","Write a short poem","Write a short poem","Poetry, poem, mood, keywords, text","$0.01","Sun Apr 28 13:14:46 PDT 2019","3","BatchId:3623649;OriginalHitTemplateId:920937340;","3600","259200","Sun May 05 13:14:46 PDT 2019","","","31Q0U3WYDQUXZIXBJRPIKKI9SE317T","A1EO8DYSSEB3XJ","Submitted","Sun Apr 28 19:55:30 PDT 2019","Sun Apr 28 20:01:06 PDT 2019","Wed May 01 20:01:06 PDT 2019","","","","336","0% (0/0)","0% (0/0)","0% (0/0)","UNDERFACE (Every Thing On It)","Underneath my outside face","face","underneath","sniley","Sad","Underneath my mast","Hides a smiley face","I once wore in the past"
"3BS6ERDL93M50T1OQ8ZJRPNX4W76D0","3EP32X4638KBVFEC0QB87T4462NH1N","Write a short poem","Write a short poem","Poetry, poem, mood, keywords, text","$0.01","Sun Apr 28 13:14:46 PDT 2019","3","BatchId:3623649;OriginalHitTemplateId:920937340;","3600","259200","Sun May 05 13:14:46 PDT 2019","","","3Q8GYXHFEQH2ZHTQBVZ53WN455UC5A","A1WAWEY2810TFN","Submitted","Sun Apr 28 16:35:43 PDT 2019","Sun Apr 28 16:40:47 PDT 2019","Wed May 01 16:40:47 PDT 2019","","","","304","100% (31/31)","100% (31/31)","0% (0/0)","UNDERFACE (Every Thing On It)","Underneath my outside face","face","underneath","sniley","Sad","I'm free as any bird","My mind can roam to any place","and sniley's not a word"
"3BS6ERDL93M50T1OQ8ZJRPNX4W76D0","3EP32X4638KBVFEC0QB87T4462NH1N","Write a short poem","Write a short poem","Poetry, poem, mood, keywords, text","$0.01","Sun Apr 28 13:14:46 PDT 2019","3","BatchId:3623649;OriginalHitTemplateId:920937340;","3600","259200","Sun May 05 13:14:46 PDT 2019","","","3URFVVM166XWSPUF4ARLM6G5D4DZUI","A3AAC42XHLJPKM","Submitted","Sun Apr 28 19:41:03 PDT 2019","Sun Apr 28 19:41:40 PDT 2019","Wed May 01 19:41:40 PDT 2019","","","","37","0% (0/0)","0% (0/0)","0% (0/0)","UNDERFACE (Every Thing On It)","Underneath my outside face","face","underneath","sniley","Sad","There's a face that none can see.","A little less smiley,","A little less sure,"
"32W3UF2EZO0HGERW7OBTALL1N5P4CD","3EP32X4638KBVFEC0QB87T4462NH1N","Write a short poem","Write a short poem","Poetry, poem, mood, keywords, text","$0.01","Sun Apr 28 13:14:46 PDT 2019","3","BatchId:3623649;OriginalHitTemplateId:920937340;","3600","259200","Sun May 05 13:14:46 PDT 2019","","","38BQUHLA9XF1GDBZTZPIFYS7GE2MO6","A1WAWEY2810TFN","Submitted","Sun Apr 28 16:32:02 PDT 2019","Sun Apr 28 16:35:41 PDT 2019","Wed May 01 16:35:41 PDT 2019","","","","219","100% (31/31)","100% (31/31)","0% (0/0)","I WON’T HATCH (Where the Sidewalk Ends)","Oh I am a chicken who lives in an egg,","chicken","egg","hatch","Sad","It's not a bad old life","But I am far too scared to hatch","for KFC is rife."
"32W3UF2EZO0HGERW7OBTALL1N5P4CD","3EP32X4638KBVFEC0QB87T4462NH1N","Write a short poem","Write a short poem","Poetry, poem, mood, keywords, text","$0.01","Sun Apr 28 13:14:46 PDT 2019","3","BatchId:3623649;OriginalHitTemplateId:920937340;","3600","259200","Sun May 05 13:14:46 PDT 2019","","","39U1BHVTDM6G7J8XJY62D9POFVW3TN","A13UE2N4QSD2I7","Submitted","Sun Apr 28 13:42:19 PDT 2019","Sun Apr 28 13:44:41 PDT 2019","Wed May 01 13:44:41 PDT 2019","","","","142","0% (0/0)","0% (0/0)","0% (0/0)","I WON’T HATCH (Where the Sidewalk Ends)","Oh I am a chicken who lives in an egg,","chicken","egg","hatch","Sad","A chicken who was layed to die","I don't even need to beg","I hatch then I say goodbye"
"32W3UF2EZO0HGERW7OBTALL1N5P4CD","3EP32X4638KBVFEC0QB87T4462NH1N","Write a short poem","Write a short poem","Poetry, poem, mood, keywords, text","$0.01","Sun Apr 28 13:14:46 PDT 2019","3","BatchId:3623649;OriginalHitTemplateId:920937340;","3600","259200","Sun May 05 13:14:46 PDT 2019","","","3RUIQRXJBC394AQHGV8BN49OL4FLLU","A1G4QDVYGHSQCY","Submitted","Sun Apr 28 21:15:10 PDT 2019","Sun Apr 28 21:19:02 PDT 2019","Wed May 01 21:19:02 PDT 2019","","","","232","0% (0/0)","0% (0/0)","0% (0/0)","I WON’T HATCH (Where the Sidewalk Ends)","Oh I am a chicken who lives in an egg,","chicken","egg","hatch","Sad","I come out with lots of dreams","Grow Up, Grow Up","My Life Ends Sad."
"30QQTY5GMKZALVQFVDU073RHL7LU7W","3EP32X4638KBVFEC0QB87T4462NH1N","Write a short poem","Write a short poem","Poetry, poem, mood, keywords, text","$0.01","Sun Apr 28 13:14:46 PDT 2019","3","BatchId:3623649;OriginalHitTemplateId:920937340;","3600","259200","Sun May 05 13:14:46 PDT 2019","","","35LDD5557BJIQMQKV7XP8HBYW9XMKR","A3G7UDEFHBWUBY","Submitted","Sun Apr 28 19:31:29 PDT 2019","Sun Apr 28 19:36:55 PDT 2019","Wed May 01 19:36:55 PDT 2019","","","","326","0% (0/0)","0% (0/0)","0% (0/0)","PUT SOMETHING IN (A Light in the Attic)","Draw a crazy picture,","silly","picture","poem","Happy","With lines of grass and loam","Then add a drop of tincture","To complete your silly poem"
"30QQTY5GMKZALVQFVDU073RHL7LU7W","3EP32X4638KBVFEC0QB87T4462NH1N","Write a short poem","Write a short poem","Poetry, poem, mood, keywords, text","$0.01","Sun Apr 28 13:14:46 PDT 2019","3","BatchId:3623649;OriginalHitTemplateId:920937340;","3600","259200","Sun May 05 13:14:46 PDT 2019","","","3H7Z272LX8MZVV5F8N1I4LI8QE6LPI","A2T1QZ38QPDA3Z","Submitted","Sun Apr 28 14:47:49 PDT 2019","Sun Apr 28 14:49:24 PDT 2019","Wed May 01 14:49:24 PDT 2019","","","","95","0% (0/0)","0% (0/0)","0% (0/0)","PUT SOMETHING IN (A Light in the Attic)","Draw a crazy picture,","silly","picture","poem","Happy","Silly as can be.","Draw a crazy picture,","Write a poem just for me."
"30QQTY5GMKZALVQFVDU073RHL7LU7W","3EP32X4638KBVFEC0QB87T4462NH1N","Write a short poem","Write a short poem","Poetry, poem, mood, keywords, text","$0.01","Sun Apr 28 13:14:46 PDT 2019","3","BatchId:3623649;OriginalHitTemplateId:920937340;","3600","259200","Sun May 05 13:14:46 PDT 2019","","","3TPZPLC3M1RIFRFQ2HXI8ZORQSMP3F","A3AAC42XHLJPKM","Submitted","Sun Apr 28 19:31:19 PDT 2019","Sun Apr 28 19:31:56 PDT 2019","Wed May 01 19:31:56 PDT 2019","","","","37","0% (0/0)","0% (0/0)","0% (0/0)","PUT SOMETHING IN (A Light in the Attic)","Draw a crazy picture,","silly","picture","poem","Happy","Write a nutty poem,","Sing a mumble-gumble song,","Whistle through your comb."
"3RHLQY6EDTJRL6XA7K64UR3J8514DD","3EP32X4638KBVFEC0QB87T4462NH1N","Write a short poem","Write a short poem","Poetry, poem, mood, keywords, text","$0.01","Sun Apr 28 13:14:46 PDT 2019","3","BatchId:3623649;OriginalHitTemplateId:920937340;","3600","259200","Sun May 05 13:14:46 PDT 2019","","","3P4RDNWND6L1JJUBS7ZLF9440B7IJ2","A2WXWOX1MFVTLU","Submitted","Sun Apr 28 15:16:00 PDT 2019","Sun Apr 28 15:22:11 PDT 2019","Wed May 01 15:22:11 PDT 2019","","","","371","0% (0/0)","0% (0/0)","0% (0/0)","YESEES AND NOEES (Every Thing On It)","The Yesees said yes to anything","yesees","noees","thinkforyourselfees","Sad","the noees sit down to rest","think for yourself before banishing","the fees you pay are the best"
"3RHLQY6EDTJRL6XA7K64UR3J8514DD","3EP32X4638KBVFEC0QB87T4462NH1N","Write a short poem","Write a short poem","Poetry, poem, mood, keywords, text","$0.01","Sun Apr 28 13:14:46 PDT 2019","3","BatchId:3623649;OriginalHitTemplateId:920937340;","3600","259200","Sun May 05 13:14:46 PDT 2019","","","3WRFBPLXRB3IC63DM2KQ4AJWQDL3NX","A3AAC42XHLJPKM","Submitted","Sun Apr 28 19:15:25 PDT 2019","Sun Apr 28 19:16:22 PDT 2019","Wed May 01 19:16:22 PDT 2019","","","","57","0% (0/0)","0% (0/0)","0% (0/0)","YESEES AND NOEES (Every Thing On It)","The Yesees said yes to anything","yesees","noees","thinkforyourselfees","Sad","That anyone suggested","The Noees said no to everything","Unless it was proven and tested"
"3RHLQY6EDTJRL6XA7K64UR3J8514DD","3EP32X4638KBVFEC0QB87T4462NH1N","Write a short poem","Write a short poem","Poetry, poem, mood, keywords, text","$0.01","Sun Apr 28 13:14:46 PDT 2019","3","BatchId:3623649;OriginalHitTemplateId:920937340;","3600","259200","Sun May 05 13:14:46 PDT 2019","","","3XIQGXAUMDN5PJI4QKAPFTMAXTF7XO","A1XUXY84RLKDTW","Submitted","Sun Apr 28 17:45:07 PDT 2019","Sun Apr 28 17:47:28 PDT 2019","Wed May 01 17:47:28 PDT 2019","","","","141","0% (0/0)","0% (0/0)","0% (0/0)","YESEES AND NOEES (Every Thing On It)","The Yesees said yes to anything","yesees","noees","thinkforyourselfees","Sad","The Noess said no to everyone","The thinkforyourselfees wanted to sing","Since no one was happy they had no fun."
"32CXT5U14GIEL9VY5IM6L3NCWRRU8J","3EP32X4638KBVFEC0QB87T4462NH1N","Write a short poem","Write a short poem","Poetry, poem, mood, keywords, text","$0.01","Sun Apr 28 13:14:46 PDT 2019","3","BatchId:3623649;OriginalHitTemplateId:920937340;","3600","259200","Sun May 05 13:14:46 PDT 2019","","","34QN5IT0T061S7HCXDDOKFVUY6Q08Z","A2X97JJL3AGIB9","Submitted","Sun Apr 28 13:22:20 PDT 2019","Sun Apr 28 13:24:04 PDT 2019","Wed May 01 13:24:04 PDT 2019","","","","104","0% (0/0)","0% (0/0)","0% (0/0)","HUG O’WAR (Where the Sidewalk Ends)","I will not play tug o’ war.","giggles","wins","grins","Happy","For Im a winner before the tug begins","Im always a winner and all of my grins show","that im always happy without the tug o' war"
"32CXT5U14GIEL9VY5IM6L3NCWRRU8J","3EP32X4638KBVFEC0QB87T4462NH1N","Write a short poem","Write a short poem","Poetry, poem, mood, keywords, text","$0.01","Sun Apr 28 13:14:46 PDT 2019","3","BatchId:3623649;OriginalHitTemplateId:920937340;","3600","259200","Sun May 05 13:14:46 PDT 2019","","","386PBUZZXGC39K2HDAWY7PWWHF3LJL","A1WAWEY2810TFN","Submitted","Sun Apr 28 17:01:07 PDT 2019","Sun Apr 28 17:01:58 PDT 2019","Wed May 01 17:01:58 PDT 2019","","","","51","100% (31/31)","100% (31/31)","0% (0/0)","HUG O’WAR (Where the Sidewalk Ends)","I will not play tug o’ war.","giggles","wins","grins","Happy","For Brandon always wins","He giggles like a maniac","Then turns away and grins"
"32CXT5U14GIEL9VY5IM6L3NCWRRU8J","3EP32X4638KBVFEC0QB87T4462NH1N","Write a short poem","Write a short poem","Poetry, poem, mood, keywords, text","$0.01","Sun Apr 28 13:14:46 PDT 2019","3","BatchId:3623649;OriginalHitTemplateId:920937340;","3600","259200","Sun May 05 13:14:46 PDT 2019","","","3RKNTXVS3NDWAJSSDCK4S9R256LA48","A1EO8DYSSEB3XJ","Submitted","Sun Apr 28 20:46:14 PDT 2019","Sun Apr 28 20:51:12 PDT 2019","Wed May 01 20:51:12 PDT 2019","","","","298","0% (0/0)","0% (0/0)","0% (0/0)","HUG O’WAR (Where the Sidewalk Ends)","I will not play tug o’ war.","giggles","wins","grins","Happy","The giggles, gaggles, and laughs.","Making the one who wins look silly,","With dusty grins that last and last."
"3S4TINXCC022A298C8U7DZLOMBOOBZ","3EP32X4638KBVFEC0QB87T4462NH1N","Write a short poem","Write a short poem","Poetry, poem, mood, keywords, text","$0.01","Sun Apr 28 13:14:46 PDT 2019","3","BatchId:3623649;OriginalHitTemplateId:920937340;","3600","259200","Sun May 05 13:14:46 PDT 2019","","","3DH6GAKTYZ4D9YEKEBOAPRMI9SIZYA","A2ILVU6N0FXRNM","Submitted","Sun Apr 28 15:49:43 PDT 2019","Sun Apr 28 16:14:01 PDT 2019","Wed May 01 16:14:01 PDT 2019","","","","1458","0% (0/0)","0% (0/0)","0% (0/0)","RIDICULOUS ROSE (Where the Sidewalk Ends)","Her mama said, “Don’t eat with your fingers.”","toes","fingers","rose","Funny","Discolored from berries, they are now colored rose","But if not with my fingers, the answer are ringers","Because now i can simply eat with my toes."
"3S4TINXCC022A298C8U7DZLOMBOOBZ","3EP32X4638KBVFEC0QB87T4462NH1N","Write a short poem","Write a short poem","Poetry, poem, mood, keywords, text","$0.01","Sun Apr 28 13:14:46 PDT 2019","3","BatchId:3623649;OriginalHitTemplateId:920937340;","3600","259200","Sun May 05 13:14:46 PDT 2019","","","3TXMY6UCAF3RS3COVNN817IV11CQCW","A2VMP1KLOXRHBV","Submitted","Sun Apr 28 14:05:29 PDT 2019","Sun Apr 28 14:08:16 PDT 2019","Wed May 01 14:08:16 PDT 2019","","","","167","100% (1/1)","100% (1/1)","0% (0/0)","RIDICULOUS ROSE (Where the Sidewalk Ends)","Her mama said, “Don’t eat with your fingers.”","toes","fingers","rose","Funny","She replied ""I can't eat with my toes.""","Mama said, ""You'll find garlic lingers","And you no longer smell like a rose."""
"3S4TINXCC022A298C8U7DZLOMBOOBZ","3EP32X4638KBVFEC0QB87T4462NH1N","Write a short poem","Write a short poem","Poetry, poem, mood, keywords, text","$0.01","Sun Apr 28 13:14:46 PDT 2019","3","BatchId:3623649;OriginalHitTemplateId:920937340;","3600","259200","Sun May 05 13:14:46 PDT 2019","","","3WEV0KO0ON7DABXFNN7OGDFE4PHSDV","A72UX4W7OD6PL","Submitted","Sun Apr 28 18:48:19 PDT 2019","Sun Apr 28 18:49:15 PDT 2019","Wed May 01 18:49:15 PDT 2019","","","","56","0% (0/0)","0% (0/0)","0% (0/0)","RIDICULOUS ROSE (Where the Sidewalk Ends)","Her mama said, “Don’t eat with your fingers.”","toes","fingers","rose","Funny","her mama said don't eat with your toes","or one day they will end up red, like a very funny singer","that or a freshly planted rose"
"3CZH926SICTWDCBA3FHO09L48H24E6","3EP32X4638KBVFEC0QB87T4462NH1N","Write a short poem","Write a short poem","Poetry, poem, mood, keywords, text","$0.01","Sun Apr 28 13:14:46 PDT 2019","3","BatchId:3623649;OriginalHitTemplateId:920937340;","3600","259200","Sun May 05 13:14:46 PDT 2019","","","3BF51CHDTWPULII50H7UXSOT1PMH01","A31NU7MLMSE2YD","Submitted","Sun Apr 28 15:36:04 PDT 2019","Sun Apr 28 15:40:38 PDT 2019","Wed May 01 15:40:38 PDT 2019","","","","274","0% (0/0)","0% (0/0)","0% (0/0)","MONSTERS I’VE MET (A Light in the Attic)","I met a ghost, but he didn’t want my head,","ghost","devil","vampire","Funny","I met the devil, but even he didn't want my soul","I met a vampire, but my blood was full of lead","And when I met the werewolf he laughed through his howl"
"3CZH926SICTWDCBA3FHO09L48H24E6","3EP32X4638KBVFEC0QB87T4462NH1N","Write a short poem","Write a short poem","Poetry, poem, mood, keywords, text","$0.01","Sun Apr 28 13:14:46 PDT 2019","3","BatchId:3623649;OriginalHitTemplateId:920937340;","3600","259200","Sun May 05 13:14:46 PDT 2019","","","3RJSC4XJ119I5PYAZF6L8VL3WGZ50C","A1XUXY84RLKDTW","Submitted","Sun Apr 28 17:37:33 PDT 2019","Sun Apr 28 17:40:33 PDT 2019","Wed May 01 17:40:33 PDT 2019","","","","180","0% (0/0)","0% (0/0)","0% (0/0)","MONSTERS I’VE MET (A Light in the Attic)","I met a ghost, but he didn’t want my head,","ghost","devil","vampire","Funny","I met a vampire, but he didn't want my neck","I met a devil all dressed in red.","They all wanted my candy. What the HECK!"
"3CZH926SICTWDCBA3FHO09L48H24E6","3EP32X4638KBVFEC0QB87T4462NH1N","Write a short poem","Write a short poem","Poetry, poem, mood, keywords, text","$0.01","Sun Apr 28 13:14:46 PDT 2019","3","BatchId:3623649;OriginalHitTemplateId:920937340;","3600","259200","Sun May 05 13:14:46 PDT 2019","","","3TUI152ZZC27502QFQYOKBZ4X4VQ1G","A3AAC42XHLJPKM","Submitted","Sun Apr 28 20:16:06 PDT 2019","Sun Apr 28 20:16:42 PDT 2019","Wed May 01 20:16:42 PDT 2019","","","","36","0% (0/0)","0% (0/0)","0% (0/0)","MONSTERS I’VE MET (A Light in the Attic)","I met a ghost, but he didn’t want my head,","ghost","devil","vampire","Funny","He only wanted to know the way to Denver.","I met a devil, but he didn't want my soul","He only wanted to borrow my bike awhile"
"3511RHPADVTHKON0VD05LXMY9SMRLY","3EP32X4638KBVFEC0QB87T4462NH1N","Write a short poem","Write a short poem","Poetry, poem, mood, keywords, text","$0.01","Sun Apr 28 13:14:46 PDT 2019","3","BatchId:3623649;OriginalHitTemplateId:920937340;","3600","259200","Sun May 05 13:14:46 PDT 2019","","","3B4YI393VABJC0GXKD2DBC1E5SOSSM","A3UMM2Y3QRZKSK","Submitted","Sun Apr 28 16:57:04 PDT 2019","Sun Apr 28 16:59:48 PDT 2019","Wed May 01 16:59:48 PDT 2019","","","","164","0% (0/0)","0% (0/0)","0% (0/0)","EARLY BIRD (Where the Sidewalk Ends)","Oh, if you’re a bird, be an early bird","bird","worm","early","Funny","if a worm, it is best to sleep in I heard","If you wake really early.","You may be taken by the squirrely."
"3511RHPADVTHKON0VD05LXMY9SMRLY","3EP32X4638KBVFEC0QB87T4462NH1N","Write a short poem","Write a short poem","Poetry, poem, mood, keywords, text","$0.01","Sun Apr 28 13:14:46 PDT 2019","3","BatchId:3623649;OriginalHitTemplateId:920937340;","3600","259200","Sun May 05 13:14:46 PDT 2019","","","3DHE4R9OCXQNHWQ8VYTQVG57JNX2GB","A1XUXY84RLKDTW","Submitted","Sun Apr 28 17:42:49 PDT 2019","Sun Apr 28 17:45:05 PDT 2019","Wed May 01 17:45:05 PDT 2019","","","","136","0% (0/0)","0% (0/0)","0% (0/0)","EARLY BIRD (Where the Sidewalk Ends)","Oh, if you’re a bird, be an early bird","bird","worm","early","Funny","If you're a worm watch out in the morning!","The birds will eat you, they keep their word","Stay underground because you will not get a warning."
"3511RHPADVTHKON0VD05LXMY9SMRLY","3EP32X4638KBVFEC0QB87T4462NH1N","Write a short poem","Write a short poem","Poetry, poem, mood, keywords, text","$0.01","Sun Apr 28 13:14:46 PDT 2019","3","BatchId:3623649;OriginalHitTemplateId:920937340;","3600","259200","Sun May 05 13:14:46 PDT 2019","","","3KJYX6QCMAQ65PEBREY4UYUY8D9VJI","A3AAC42XHLJPKM","Submitted","Sun Apr 28 19:51:18 PDT 2019","Sun Apr 28 19:51:52 PDT 2019","Wed May 01 19:51:52 PDT 2019","","","","34","0% (0/0)","0% (0/0)","0% (0/0)","EARLY BIRD (Where the Sidewalk Ends)","Oh, if you’re a bird, be an early bird","bird","worm","early","Funny","And catch the worm for your breakfast plate.","If you’re a bird, be an early early bird","But if you’re a worm, sleep late"
"3WA2XVDZEMWASZFOM3A3X75I4886ET","3EP32X4638KBVFEC0QB87T4462NH1N","Write a short poem","Write a short poem","Poetry, poem, mood, keywords, text","$0.01","Sun Apr 28 13:14:46 PDT 2019","3","BatchId:3623649;OriginalHitTemplateId:920937340;","3600","259200","Sun May 05 13:14:46 PDT 2019","","","3A9AA95ATX1LT62UG0LBNWMB4O2P5U","A13UE2N4QSD2I7","Submitted","Sun Apr 28 13:44:42 PDT 2019","Sun Apr 28 13:47:11 PDT 2019","Wed May 01 13:47:11 PDT 2019","","","","149","0% (0/0)","0% (0/0)","0% (0/0)","JAKE SAYS (Every Thing On It)","Yes, I'm adopted.","adopted","kids","chose","Happy","I like to meet new girls and boys","I didnt choose to be opted","but Im happy i can see new faces and toys"
"3WA2XVDZEMWASZFOM3A3X75I4886ET","3EP32X4638KBVFEC0QB87T4462NH1N","Write a short poem","Write a short poem","Poetry, poem, mood, keywords, text","$0.01","Sun Apr 28 13:14:46 PDT 2019","3","BatchId:3623649;OriginalHitTemplateId:920937340;","3600","259200","Sun May 05 13:14:46 PDT 2019","","","3H7XDTSHKD69TCOF9IIXJNLWNUZGWE","A1GY6XMHLCXX54","Submitted","Sun Apr 28 22:39:14 PDT 2019","Sun Apr 28 22:45:41 PDT 2019","Wed May 01 22:45:41 PDT 2019","","","","387","0% (0/0)","0% (0/0)","0% (0/0)","JAKE SAYS (Every Thing On It)","Yes, I'm adopted.","adopted","kids","chose","Happy","A second chance for kids like me.","A new family I've co-opted","And now I am very happy."
"3WA2XVDZEMWASZFOM3A3X75I4886ET","3EP32X4638KBVFEC0QB87T4462NH1N","Write a short poem","Write a short poem","Poetry, poem, mood, keywords, text","$0.01","Sun Apr 28 13:14:46 PDT 2019","3","BatchId:3623649;OriginalHitTemplateId:920937340;","3600","259200","Sun May 05 13:14:46 PDT 2019","","","3KWTYT0871IV2LNWO8S46FDRZEF5LQ","A1EO8DYSSEB3XJ","Submitted","Sun Apr 28 20:57:55 PDT 2019","Sun Apr 28 21:03:48 PDT 2019","Wed May 01 21:03:48 PDT 2019","","","","353","0% (0/0)","0% (0/0)","0% (0/0)","JAKE SAYS (Every Thing On It)","Yes, I'm adopted.","adopted","kids","chose","Happy","Many other kids are too.","Yes, I'm adopted, my family chose me specifically,","Just because they wanted to."
"3ZTE0JGGCE7LK71EQ8Q2OJR64WOOC6","3EP32X4638KBVFEC0QB87T4462NH1N","Write a short poem","Write a short poem","Poetry, poem, mood, keywords, text","$0.01","Sun Apr 28 13:14:46 PDT 2019","3","BatchId:3623649;OriginalHitTemplateId:920937340;","3600","259200","Sun May 05 13:14:46 PDT 2019","","","31N2WW6R9S56OEQWOE1DW5ANOMXF30","A17VFZ7FCR4QQO","Submitted","Sun Apr 28 17:40:04 PDT 2019","Sun Apr 28 17:46:02 PDT 2019","Wed May 01 17:46:02 PDT 2019","","","","358","0% (0/0)","0% (0/0)","0% (0/0)","COLORS (Where the Sidewalk Ends)","My skin is kind of sort of brownish","skin","hair","color","Neutral","My hair is short of the legs .","Color blue is my eyes .","White skin is my body ."
"3ZTE0JGGCE7LK71EQ8Q2OJR64WOOC6","3EP32X4638KBVFEC0QB87T4462NH1N","Write a short poem","Write a short poem","Poetry, poem, mood, keywords, text","$0.01","Sun Apr 28 13:14:46 PDT 2019","3","BatchId:3623649;OriginalHitTemplateId:920937340;","3600","259200","Sun May 05 13:14:46 PDT 2019","","","3QJOXOW4XK6F4MYAZLMMAMYTCC1EMZ","A1PUYLIDAH0PDD","Submitted","Sun Apr 28 19:29:26 PDT 2019","Sun Apr 28 19:31:13 PDT 2019","Wed May 01 19:31:13 PDT 2019","","","","107","0% (0/0)","0% (0/0)","0% (0/0)","COLORS (Where the Sidewalk Ends)","My skin is kind of sort of brownish","skin","hair","color","Neutral","My springy hair is red and curly","But I'm saved from looking clownish","Because my teeth are lovely, white and pearly"
"3ZTE0JGGCE7LK71EQ8Q2OJR64WOOC6","3EP32X4638KBVFEC0QB87T4462NH1N","Write a short poem","Write a short poem","Poetry, poem, mood, keywords, text","$0.01","Sun Apr 28 13:14:46 PDT 2019","3","BatchId:3623649;OriginalHitTemplateId:920937340;","3600","259200","Sun May 05 13:14:46 PDT 2019","","","3ZOTGHDK5JQ4E8O4DWL4R7RD83EOSE","A13UE2N4QSD2I7","Submitted","Sun Apr 28 13:48:41 PDT 2019","Sun Apr 28 13:49:40 PDT 2019","Wed May 01 13:49:40 PDT 2019","","","","59","0% (0/0)","0% (0/0)","0% (0/0)","COLORS (Where the Sidewalk Ends)","My skin is kind of sort of brownish","skin","hair","color","Neutral","my skin is too","the colour of my hair is clownish","even my friends call me winnie the pooh"
"3OB6JN3A9Q41Q65LVP1KLA1N9XCRM0","3EP32X4638KBVFEC0QB87T4462NH1N","Write a short poem","Write a short poem","Poetry, poem, mood, keywords, text","$0.01","Sun Apr 28 13:14:46 PDT 2019","3","BatchId:3623649;OriginalHitTemplateId:920937340;","3600","259200","Sun May 05 13:14:46 PDT 2019","","","39K0FND3AIUCE9HYJGK0E382RXSAMP","A13UE2N4QSD2I7","Submitted","Sun Apr 28 13:47:11 PDT 2019","Sun Apr 28 13:48:40 PDT 2019","Wed May 01 13:48:40 PDT 2019","","","","89","0% (0/0)","0% (0/0)","0% (0/0)","MAGIC (Where the Sidewalk Ends)","Sandra’s seen a leprechaun,","magic","troll","leprechaun","Happy","she loves to see magic","she then saw a troll with a horn","and she looked erratic"
"3OB6JN3A9Q41Q65LVP1KLA1N9XCRM0","3EP32X4638KBVFEC0QB87T4462NH1N","Write a short poem","Write a short poem","Poetry, poem, mood, keywords, text","$0.01","Sun Apr 28 13:14:46 PDT 2019","3","BatchId:3623649;OriginalHitTemplateId:920937340;","3600","259200","Sun May 05 13:14:46 PDT 2019","","","3HQUKB7LNGT5WIO1YPEF3KNAN6NHH2","A352XA3KA1Y1A4","Submitted","Sun Apr 28 14:36:56 PDT 2019","Sun Apr 28 14:39:14 PDT 2019","Wed May 01 14:39:14 PDT 2019","","","","138","100% (2/2)","100% (2/2)","0% (0/0)","MAGIC (Where the Sidewalk Ends)","Sandra’s seen a leprechaun,","magic","troll","leprechaun","Happy","it was short and fat","hey little girl have you seen my pot of gold","o"
"3OB6JN3A9Q41Q65LVP1KLA1N9XCRM0","3EP32X4638KBVFEC0QB87T4462NH1N","Write a short poem","Write a short poem","Poetry, poem, mood, keywords, text","$0.01","Sun Apr 28 13:14:46 PDT 2019","3","BatchId:3623649;OriginalHitTemplateId:920937340;","3600","259200","Sun May 05 13:14:46 PDT 2019","","","3SBEHTYCWOIRE8PAE70OPWJSDFEIYU","AIROMW6NRYTAT","Submitted","Sun Apr 28 14:19:53 PDT 2019","Sun Apr 28 14:20:44 PDT 2019","Wed May 01 14:20:44 PDT 2019","","","","51","0% (0/0)","0% (0/0)","0% (0/0)","MAGIC (Where the Sidewalk Ends)","Sandra’s seen a leprechaun,","magic","troll","leprechaun","Happy","And she's also seen a troll","She has a magic wand","She's on a roll!"
"36D1BWBEHNGKMMO0GZMJK2TFX5WM2G","3EP32X4638KBVFEC0QB87T4462NH1N","Write a short poem","Write a short poem","Poetry, poem, mood, keywords, text","$0.01","Sun Apr 28 13:14:46 PDT 2019","3","BatchId:3623649;OriginalHitTemplateId:920937340;","3600","259200","Sun May 05 13:14:46 PDT 2019","","","338JKRMM27EQMVGNSJ4NMY06AB7AHU","A1EO8DYSSEB3XJ","Submitted","Sun Apr 28 20:51:17 PDT 2019","Sun Apr 28 20:54:52 PDT 2019","Wed May 01 20:54:52 PDT 2019","","","","215","0% (0/0)","0% (0/0)","0% (0/0)","LITTLE PIG’S TREAT (Falling Up)","Said the pig to his pop,","pig","candy","pop","Neutral","Can I have some candy please?","Said the Pop to his pig","Fine and dandy, if you'll share it with me."
"36D1BWBEHNGKMMO0GZMJK2TFX5WM2G","3EP32X4638KBVFEC0QB87T4462NH1N","Write a short poem","Write a short poem","Poetry, poem, mood, keywords, text","$0.01","Sun Apr 28 13:14:46 PDT 2019","3","BatchId:3623649;OriginalHitTemplateId:920937340;","3600","259200","Sun May 05 13:14:46 PDT 2019","","","36ZN444YTSDFKUL88KRQN5LQZ5FIOJ","AIROMW6NRYTAT","Submitted","Sun Apr 28 14:18:46 PDT 2019","Sun Apr 28 14:19:53 PDT 2019","Wed May 01 14:19:53 PDT 2019","","","","67","0% (0/0)","0% (0/0)","0% (0/0)","LITTLE PIG’S TREAT (Falling Up)","Said the pig to his pop,","pig","candy","pop","Neutral","I want to get candy","Let's go to the shop","And that will be handy"
"36D1BWBEHNGKMMO0GZMJK2TFX5WM2G","3EP32X4638KBVFEC0QB87T4462NH1N","Write a short poem","Write a short poem","Poetry, poem, mood, keywords, text","$0.01","Sun Apr 28 13:14:46 PDT 2019","3","BatchId:3623649;OriginalHitTemplateId:920937340;","3600","259200","Sun May 05 13:14:46 PDT 2019","","","3OVR4I9USQYOXZZ928HQI9679O4Q4S","A3AAC42XHLJPKM","Submitted","Sun Apr 28 19:42:35 PDT 2019","Sun Apr 28 19:43:11 PDT 2019","Wed May 01 19:43:11 PDT 2019","","","","36","0% (0/0)","0% (0/0)","0% (0/0)","LITTLE PIG’S TREAT (Falling Up)","Said the pig to his pop,","pig","candy","pop","Neutral","There's the candy shop","Oh, please let's go inside","And I promise I won't"
"3YGYP13641O78OQL7QGKYPQNENMRN0","3EP32X4638KBVFEC0QB87T4462NH1N","Write a short poem","Write a short poem","Poetry, poem, mood, keywords, text","$0.01","Sun Apr 28 13:14:46 PDT 2019","3","BatchId:3623649;OriginalHitTemplateId:920937340;","3600","259200","Sun May 05 13:14:46 PDT 2019","","","3HFNH7HEMIT49FSTX9JRRY3AZT7GQZ","A2ILVU6N0FXRNM","Submitted","Sun Apr 28 15:31:24 PDT 2019","Sun Apr 28 15:32:41 PDT 2019","Wed May 01 15:32:41 PDT 2019","","","","77","0% (0/0)","0% (0/0)","0% (0/0)","FALLING UP (Falling Up)","I tripped on my shoelace","tripped","shoelace","sick","Neutral","So everyone made fun.","Now I have pain in my face.","but it's over and done."
"3YGYP13641O78OQL7QGKYPQNENMRN0","3EP32X4638KBVFEC0QB87T4462NH1N","Write a short poem","Write a short poem","Poetry, poem, mood, keywords, text","$0.01","Sun Apr 28 13:14:46 PDT 2019","3","BatchId:3623649;OriginalHitTemplateId:920937340;","3600","259200","Sun May 05 13:14:46 PDT 2019","","","3NOKK93PR2NHSY6XINY3XETK3A6EE6","A1WAWEY2810TFN","Submitted","Sun Apr 28 17:00:36 PDT 2019","Sun Apr 28 17:01:07 PDT 2019","Wed May 01 17:01:07 PDT 2019","","","","31","100% (31/31)","100% (31/31)","0% (0/0)","FALLING UP (Falling Up)","I tripped on my shoelace","tripped","shoelace","sick","Neutral","and fell on my face","The street is all potholes,","I'm sick of this place"
"3YGYP13641O78OQL7QGKYPQNENMRN0","3EP32X4638KBVFEC0QB87T4462NH1N","Write a short poem","Write a short poem","Poetry, poem, mood, keywords, text","$0.01","Sun Apr 28 13:14:46 PDT 2019","3","BatchId:3623649;OriginalHitTemplateId:920937340;","3600","259200","Sun May 05 13:14:46 PDT 2019","","","3U5NZHP4LSHX9ZMPH2MKCTP19XUHP4","A13UE2N4QSD2I7","Submitted","Sun Apr 28 13:52:16 PDT 2019","Sun Apr 28 13:53:06 PDT 2019","Wed May 01 13:53:06 PDT 2019","","","","50","0% (0/0)","0% (0/0)","0% (0/0)","FALLING UP (Falling Up)","I tripped on my shoelace","tripped","shoelace","sick","Neutral","and the aglet ripped","i need to pack this suitcase","before I get sick"
"3UV0D2KX1MYOJQB6YQ1UIR64KIH4FO","3EP32X4638KBVFEC0QB87T4462NH1N","Write a short poem","Write a short poem","Poetry, poem, mood, keywords, text","$0.01","Sun Apr 28 13:14:46 PDT 2019","3","BatchId:3623649;OriginalHitTemplateId:920937340;","3600","259200","Sun May 05 13:14:46 PDT 2019","","","3HPZF4IVNN80153AMX42ETLX0A2CYU","A3AAC42XHLJPKM","Submitted","Sun Apr 28 19:11:49 PDT 2019","Sun Apr 28 19:13:30 PDT 2019","Wed May 01 19:13:30 PDT 2019","","","","101","0% (0/0)","0% (0/0)","0% (0/0)","FISH? (Where the Sidewalk Ends)","The little fish eats the tiny fish,","little","big","fat","Funny","the big fish eats the little fish","so only the biggest fish get fat","do you know any folks like that?"
"3UV0D2KX1MYOJQB6YQ1UIR64KIH4FO","3EP32X4638KBVFEC0QB87T4462NH1N","Write a short poem","Write a short poem","Poetry, poem, mood, keywords, text","$0.01","Sun Apr 28 13:14:46 PDT 2019","3","BatchId:3623649;OriginalHitTemplateId:920937340;","3600","259200","Sun May 05 13:14:46 PDT 2019","","","3R2PKQ87NXNRKR0WV4CDV1WL459IMD","A1EO8DYSSEB3XJ","Submitted","Sun Apr 28 20:01:12 PDT 2019","Sun Apr 28 20:06:59 PDT 2019","Wed May 01 20:06:59 PDT 2019","","","","347","0% (0/0)","0% (0/0)","0% (0/0)","FISH? (Where the Sidewalk Ends)","The little fish eats the tiny fish,","little","big","fat","Funny","The big one eats the other two","Now the big fish is fat,","And grew and grew and grew."
"3UV0D2KX1MYOJQB6YQ1UIR64KIH4FO","3EP32X4638KBVFEC0QB87T4462NH1N","Write a short poem","Write a short poem","Poetry, poem, mood, keywords, text","$0.01","Sun Apr 28 13:14:46 PDT 2019","3","BatchId:3623649;OriginalHitTemplateId:920937340;","3600","259200","Sun May 05 13:14:46 PDT 2019","","","3WMOAN2SRCC2OF5W6CQWN5BFHX1VN9","A3GQ3N00IBM717","Submitted","Sun Apr 28 13:32:02 PDT 2019","Sun Apr 28 13:34:19 PDT 2019","Wed May 01 13:34:19 PDT 2019","","","","137","0% (0/0)","0% (0/0)","0% (0/0)","FISH? (Where the Sidewalk Ends)","The little fish eats the tiny fish,","little","big","fat","Funny","the tiny fish gets so sad","The big fish eat the little fish","So seafood is very bad."
"3E6L1VR4XW12YDFKHEU9FPQIG9N6FB","3EP32X4638KBVFEC0QB87T4462NH1N","Write a short poem","Write a short poem","Poetry, poem, mood, keywords, text","$0.01","Sun Apr 28 13:14:46 PDT 2019","3","BatchId:3623649;OriginalHitTemplateId:920937340;","3600","259200","Sun May 05 13:14:46 PDT 2019","","","3H7XDTSHKD69TCOF9IIXJNLWNUQGW5","AQH7ZVVUB8UZW","Submitted","Sun Apr 28 17:01:02 PDT 2019","Sun Apr 28 17:04:30 PDT 2019","Wed May 01 17:04:30 PDT 2019","","","","208","0% (0/0)","0% (0/0)","0% (0/0)","OURCHESTRA (Where the Sidewalk Ends)","So you haven’t got a drum, just beat your belly.","music","belly","instruments","Happy","Instruments Santa didn't bring","Jiggle your belly like a bowl full of jelly","Music, joy, laughter, and sing"
"3E6L1VR4XW12YDFKHEU9FPQIG9N6FB","3EP32X4638KBVFEC0QB87T4462NH1N","Write a short poem","Write a short poem","Poetry, poem, mood, keywords, text","$0.01","Sun Apr 28 13:14:46 PDT 2019","3","BatchId:3623649;OriginalHitTemplateId:920937340;","3600","259200","Sun May 05 13:14:46 PDT 2019","","","3OLF68YTNAG68ZPHXTGNJDOTUWRFAY","A3AAC42XHLJPKM","Submitted","Sun Apr 28 19:01:19 PDT 2019","Sun Apr 28 19:02:51 PDT 2019","Wed May 01 19:02:51 PDT 2019","","","","92","0% (0/0)","0% (0/0)","0% (0/0)","OURCHESTRA (Where the Sidewalk Ends)","So you haven’t got a drum, just beat your belly.","music","belly","instruments","Happy","So I haven't got a horn-I'll play my nose","So we haven't any cymbals-","We'll just slap our hands together"
"3E6L1VR4XW12YDFKHEU9FPQIG9N6FB","3EP32X4638KBVFEC0QB87T4462NH1N","Write a short poem","Write a short poem","Poetry, poem, mood, keywords, text","$0.01","Sun Apr 28 13:14:46 PDT 2019","3","BatchId:3623649;OriginalHitTemplateId:920937340;","3600","259200","Sun May 05 13:14:46 PDT 2019","","","3PXX5PX6LYDGVID1SRUR0NX8FYPBA2","A13UE2N4QSD2I7","Submitted","Sun Apr 28 13:54:07 PDT 2019","Sun Apr 28 13:55:49 PDT 2019","Wed May 01 13:55:49 PDT 2019","","","","102","0% (0/0)","0% (0/0)","0% (0/0)","OURCHESTRA (Where the Sidewalk Ends)","So you haven’t got a drum, just beat your belly.","music","belly","instruments","Happy","the beat of the music needs to be good","big belly instrument is getting recognition on the telly","just like it should"
"31GN6YMHLP79WXZCEG7CKI8AT19WSK","3EP32X4638KBVFEC0QB87T4462NH1N","Write a short poem","Write a short poem","Poetry, poem, mood, keywords, text","$0.01","Sun Apr 28 13:14:46 PDT 2019","3","BatchId:3623649;OriginalHitTemplateId:920937340;","3600","259200","Sun May 05 13:14:46 PDT 2019","","","3H8DHMCCWAQFMSK7IEYMPRO4NV9KDB","ATQ4CN8RDR9FA","Submitted","Sun Apr 28 22:18:25 PDT 2019","Sun Apr 28 22:21:05 PDT 2019","Wed May 01 22:21:05 PDT 2019","","","","160","0% (0/0)","0% (0/0)","0% (0/0)","MORGAN’S CURSE (Falling Up)","Followin’ the trail on the old treasure map,","curse","pirate","treasure","Sad","Whose curse it though?","The pirate lost in the swamp","Or is it the treasure fulfilling its woe!"
"31GN6YMHLP79WXZCEG7CKI8AT19WSK","3EP32X4638KBVFEC0QB87T4462NH1N","Write a short poem","Write a short poem","Poetry, poem, mood, keywords, text","$0.01","Sun Apr 28 13:14:46 PDT 2019","3","BatchId:3623649;OriginalHitTemplateId:920937340;","3600","259200","Sun May 05 13:14:46 PDT 2019","","","3K5TEWLKGWQAAEU59WD4IXFYVYGVI2","AQH7ZVVUB8UZW","Submitted","Sun Apr 28 16:58:06 PDT 2019","Sun Apr 28 17:00:57 PDT 2019","Wed May 01 17:00:57 PDT 2019","","","","171","0% (0/0)","0% (0/0)","0% (0/0)","MORGAN’S CURSE (Falling Up)","Followin’ the trail on the old treasure map,","curse","pirate","treasure","Sad","Looking for treasures gold","Death you found in a dangerous trap","Never a chance to grow old."
"31GN6YMHLP79WXZCEG7CKI8AT19WSK","3EP32X4638KBVFEC0QB87T4462NH1N","Write a short poem","Write a short poem","Poetry, poem, mood, keywords, text","$0.01","Sun Apr 28 13:14:46 PDT 2019","3","BatchId:3623649;OriginalHitTemplateId:920937340;","3600","259200","Sun May 05 13:14:46 PDT 2019","","","3Q8GYXHFEQH2ZHTQBVZ53WN455QC56","A4UVNGSXE2ANA","Submitted","Sun Apr 28 14:11:48 PDT 2019","Sun Apr 28 14:14:13 PDT 2019","Wed May 01 14:14:13 PDT 2019","","","","145","0% (0/0)","0% (0/0)","0% (0/0)","MORGAN’S CURSE (Falling Up)","Followin’ the trail on the old treasure map,","curse","pirate","treasure","Sad","Knowing I can't avoid the curse and I cry.","I wish I never sat in that pirate lap.","Hopefully I can find the treasure before I die."
"3XBYQ44Z6PJABXCR3GC2UN4WVKNWT9","3EP32X4638KBVFEC0QB87T4462NH1N","Write a short poem","Write a short poem","Poetry, poem, mood, keywords, text","$0.01","Sun Apr 28 13:14:46 PDT 2019","3","BatchId:3623649;OriginalHitTemplateId:920937340;","3600","259200","Sun May 05 13:14:46 PDT 2019","","","3OB0CAO74I4RIDEQ8PI3PKIDD22YHK","A1WAWEY2810TFN","Submitted","Sun Apr 28 16:21:48 PDT 2019","Sun Apr 28 16:25:02 PDT 2019","Wed May 01 16:25:02 PDT 2019","","","","194","100% (31/31)","100% (31/31)","0% (0/0)","THE EDGE OF THE WORLD (Where the Sidewalk Ends)","Columbus said the world is round?","world","edge","flat","Happy","Not flat as some would say","Sailed o'er the edge without a sound","Not seen no more that day"
"3XBYQ44Z6PJABXCR3GC2UN4WVKNWT9","3EP32X4638KBVFEC0QB87T4462NH1N","Write a short poem","Write a short poem","Poetry, poem, mood, keywords, text","$0.01","Sun Apr 28 13:14:46 PDT 2019","3","BatchId:3623649;OriginalHitTemplateId:920937340;","3600","259200","Sun May 05 13:14:46 PDT 2019","","","3QBD8R3Z22YLCNMTNVPMT4B7UNH4OT","A2ILVU6N0FXRNM","Submitted","Sun Apr 28 15:47:56 PDT 2019","Sun Apr 28 15:49:42 PDT 2019","Wed May 01 15:49:42 PDT 2019","","","","106","0% (0/0)","0% (0/0)","0% (0/0)","THE EDGE OF THE WORLD (Where the Sidewalk Ends)","Columbus said the world is round?","world","edge","flat","Happy","While others believed it was flat","He went to the world edge and what he found","Was new people and a new world where he could talk and chat"
"3XBYQ44Z6PJABXCR3GC2UN4WVKNWT9","3EP32X4638KBVFEC0QB87T4462NH1N","Write a short poem","Write a short poem","Poetry, poem, mood, keywords, text","$0.01","Sun Apr 28 13:14:46 PDT 2019","3","BatchId:3623649;OriginalHitTemplateId:920937340;","3600","259200","Sun May 05 13:14:46 PDT 2019","","","3V0Z7YWSIZF6ZTG3KTSCVH8H62L2V0","A17VFZ7FCR4QQO","Submitted","Sun Apr 28 17:46:10 PDT 2019","Sun Apr 28 18:11:05 PDT 2019","Wed May 01 18:11:05 PDT 2019","","","","1495","0% (0/0)","0% (0/0)","0% (0/0)","THE EDGE OF THE WORLD (Where the Sidewalk Ends)","Columbus said the world is round?","world","edge","flat","Happy","World is happy every day .","They eat bread flat in restaurant .","The edge for restaurant is close to my house ."
"338431Z1FLUPQ9QX85GXDEQS4XRROF","3EP32X4638KBVFEC0QB87T4462NH1N","Write a short poem","Write a short poem","Poetry, poem, mood, keywords, text","$0.01","Sun Apr 28 13:14:46 PDT 2019","3","BatchId:3623649;OriginalHitTemplateId:920937340;","3600","259200","Sun May 05 13:14:46 PDT 2019","","","378XPAWRUDSQIQR7Y1M8MA1LAOEIAN","AT6OE3TVQUOLY","Submitted","Sun Apr 28 16:08:03 PDT 2019","Sun Apr 28 16:08:22 PDT 2019","Wed May 01 16:08:22 PDT 2019","","","","19","100% (6/6)","100% (6/6)","0% (0/0)","THE PLANET OF MARS (Where the Sidewalk Ends)","On the planet of Mars","mars","laces","faces","Funny","No one ties their laces","One the planet of Mars","We all fall on our faces"
"338431Z1FLUPQ9QX85GXDEQS4XRROF","3EP32X4638KBVFEC0QB87T4462NH1N","Write a short poem","Write a short poem","Poetry, poem, mood, keywords, text","$0.01","Sun Apr 28 13:14:46 PDT 2019","3","BatchId:3623649;OriginalHitTemplateId:920937340;","3600","259200","Sun May 05 13:14:46 PDT 2019","","","3NAPMVF0ZXU4O3F72VPWP3SEKK9273","A28K33ON6PT0WO","Submitted","Sun Apr 28 14:38:26 PDT 2019","Sun Apr 28 14:41:02 PDT 2019","Wed May 01 14:41:02 PDT 2019","","","","156","0% (0/0)","0% (0/0)","0% (0/0)","THE PLANET OF MARS (Where the Sidewalk Ends)","On the planet of Mars","mars","laces","faces","Funny","I lost my laces","In the middle of all these cars","I can see so many faces"
"338431Z1FLUPQ9QX85GXDEQS4XRROF","3EP32X4638KBVFEC0QB87T4462NH1N","Write a short poem","Write a short poem","Poetry, poem, mood, keywords, text","$0.01","Sun Apr 28 13:14:46 PDT 2019","3","BatchId:3623649;OriginalHitTemplateId:920937340;","3600","259200","Sun May 05 13:14:46 PDT 2019","","","3P1L2B7AD24HAVTETNO3FLDIG9COL6","A1WAWEY2810TFN","Submitted","Sun Apr 28 16:25:02 PDT 2019","Sun Apr 28 16:28:52 PDT 2019","Wed May 01 16:28:52 PDT 2019","","","","230","100% (31/31)","100% (31/31)","0% (0/0)","THE PLANET OF MARS (Where the Sidewalk Ends)","On the planet of Mars","mars","laces","faces","Funny","They have dark green faces","They hang out in bars","And eat strawberry laces"
"3OEWW2KGQJQVPZ7SQ4LD8P9OPW0OD6","3EP32X4638KBVFEC0QB87T4462NH1N","Write a short poem","Write a short poem","Poetry, poem, mood, keywords, text","$0.01","Sun Apr 28 13:14:46 PDT 2019","3","BatchId:3623649;OriginalHitTemplateId:920937340;","3600","259200","Sun May 05 13:14:46 PDT 2019","","","3A4TN5196LXEFADLCX0ESTQUAESHC3","AD0YLXND019IX","Submitted","Sun Apr 28 21:30:10 PDT 2019","Sun Apr 28 21:34:36 PDT 2019","Wed May 01 21:34:36 PDT 2019","","","","266","0% (0/0)","0% (0/0)","0% (0/0)","IT’S DARK IN HERE (Where the Sidewalk Ends)","I am writing these poems","lion","inside","dark","Funny","they've been inside my head,","I know that the lion roams,","in the dark and goes to bed."
"3OEWW2KGQJQVPZ7SQ4LD8P9OPW0OD6","3EP32X4638KBVFEC0QB87T4462NH1N","Write a short poem","Write a short poem","Poetry, poem, mood, keywords, text","$0.01","Sun Apr 28 13:14:46 PDT 2019","3","BatchId:3623649;OriginalHitTemplateId:920937340;","3600","259200","Sun May 05 13:14:46 PDT 2019","","","3ITXP059PXYQDXX7XJTZJBAR99FSJA","A3AAC42XHLJPKM","Submitted","Sun Apr 28 19:39:45 PDT 2019","Sun Apr 28 19:40:21 PDT 2019","Wed May 01 19:40:21 PDT 2019","","","","36","0% (0/0)","0% (0/0)","0% (0/0)","IT’S DARK IN HERE (Where the Sidewalk Ends)","I am writing these poems","lion","inside","dark","Funny","From inside a lion,","And it's rather dark in here.","So please excuse the handwriting"
"3OEWW2KGQJQVPZ7SQ4LD8P9OPW0OD6","3EP32X4638KBVFEC0QB87T4462NH1N","Write a short poem","Write a short poem","Poetry, poem, mood, keywords, text","$0.01","Sun Apr 28 13:14:46 PDT 2019","3","BatchId:3623649;OriginalHitTemplateId:920937340;","3600","259200","Sun May 05 13:14:46 PDT 2019","","","3TMSXRD2X7FCPXYCRZXUC0HQL5B1WU","A2G30XUGJK5Z70","Submitted","Sun Apr 28 18:50:56 PDT 2019","Sun Apr 28 18:54:33 PDT 2019","Wed May 01 18:54:33 PDT 2019","","","","217","0% (0/0)","0% (0/0)","0% (0/0)","IT’S DARK IN HERE (Where the Sidewalk Ends)","I am writing these poems","lion","inside","dark","Funny","For a lion and a lark","Then I'm gonna show 'ems","Inside where it's dark!"
"33KGGVH24UWORD58B2OEQ0Z8C331XZ","3EP32X4638KBVFEC0QB87T4462NH1N","Write a short poem","Write a short poem","Poetry, poem, mood, keywords, text","$0.01","Sun Apr 28 13:14:46 PDT 2019","3","BatchId:3623649;OriginalHitTemplateId:920937340;","3600","259200","Sun May 05 13:14:46 PDT 2019","","","320DUZ38G81NNSOG2JZIUXROLYRGJK","A1R2PJAMP3KN3Y","Submitted","Sun Apr 28 23:21:48 PDT 2019","Sun Apr 28 23:25:40 PDT 2019","Wed May 01 23:25:40 PDT 2019","","","","232","0% (0/0)","0% (0/0)","0% (0/0)","COMPLAININ’ JACK (Falling Up)","This morning my old jack-in-the-box","jack-in-the-box","close","lid","Funny","Was close to flipping it’s lid","I cranked him and cranked him","Until he thought he was on acid"
"33KGGVH24UWORD58B2OEQ0Z8C331XZ","3EP32X4638KBVFEC0QB87T4462NH1N","Write a short poem","Write a short poem","Poetry, poem, mood, keywords, text","$0.01","Sun Apr 28 13:14:46 PDT 2019","3","BatchId:3623649;OriginalHitTemplateId:920937340;","3600","259200","Sun May 05 13:14:46 PDT 2019","","","39LOEL67OTKX9ZG9G0V7MDT11IO38B","A1EO8DYSSEB3XJ","Submitted","Sun Apr 28 20:21:39 PDT 2019","Sun Apr 28 20:24:16 PDT 2019","Wed May 01 20:24:16 PDT 2019","","","","157","0% (0/0)","0% (0/0)","0% (0/0)","COMPLAININ’ JACK (Falling Up)","This morning my old jack-in-the-box","jack-in-the-box","close","lid","Funny","Refused to open and close","The old lid stuck half way up","Barely missing his nose."
"33KGGVH24UWORD58B2OEQ0Z8C331XZ","3EP32X4638KBVFEC0QB87T4462NH1N","Write a short poem","Write a short poem","Poetry, poem, mood, keywords, text","$0.01","Sun Apr 28 13:14:46 PDT 2019","3","BatchId:3623649;OriginalHitTemplateId:920937340;","3600","259200","Sun May 05 13:14:46 PDT 2019","","","3HSYG7LRBKDN0YQHAVK9T4JU743KKL","A3AAC42XHLJPKM","Submitted","Sun Apr 28 20:11:20 PDT 2019","Sun Apr 28 20:11:56 PDT 2019","Wed May 01 20:11:56 PDT 2019","","","","36","0% (0/0)","0% (0/0)","0% (0/0)","COMPLAININ’ JACK (Falling Up)","This morning my old jack-in-the-box","jack-in-the-box","close","lid","Funny","Popped out—and wouldn't get back-in-the-box.","He cried, ""Hey, there's a tack-in-the-box","And it's cutting me through and through"
"3DTJ4WT8BDUCG9ZZO87EU5YD9C4ZEC","3EP32X4638KBVFEC0QB87T4462NH1N","Write a short poem","Write a short poem","Poetry, poem, mood, keywords, text","$0.01","Sun Apr 28 13:14:46 PDT 2019","3","BatchId:3623649;OriginalHitTemplateId:920937340;","3600","259200","Sun May 05 13:14:46 PDT 2019","","","31LM9EDVOM7TXK52PNCDKH0LMAXJNF","A1VVXX2MDCESN3","Submitted","Sun Apr 28 13:56:25 PDT 2019","Sun Apr 28 13:59:22 PDT 2019","Wed May 01 13:59:22 PDT 2019","","","","177","0% (0/0)","0% (0/0)","0% (0/0)","STONE AIRPLANE (Falling Up)","I made an airplane out of stone…","airplane","stone","home","Funny","I threw it to fly away from my home","But it came back and hit me in the dome","Now I sit feeling stupid and alone"
"3DTJ4WT8BDUCG9ZZO87EU5YD9C4ZEC","3EP32X4638KBVFEC0QB87T4462NH1N","Write a short poem","Write a short poem","Poetry, poem, mood, keywords, text","$0.01","Sun Apr 28 13:14:46 PDT 2019","3","BatchId:3623649;OriginalHitTemplateId:920937340;","3600","259200","Sun May 05 13:14:46 PDT 2019","","","3H0W84IWBLH612B24TI3WLS3IZOERB","A3GQ3N00IBM717","Submitted","Sun Apr 28 13:36:35 PDT 2019","Sun Apr 28 13:38:12 PDT 2019","Wed May 01 13:38:12 PDT 2019","","","","97","0% (0/0)","0% (0/0)","0% (0/0)","STONE AIRPLANE (Falling Up)","I made an airplane out of stone…","airplane","stone","home","Funny","And stone, it could not fly","It made a lovely paperweight","Back home, again I'll try."
"3DTJ4WT8BDUCG9ZZO87EU5YD9C4ZEC","3EP32X4638KBVFEC0QB87T4462NH1N","Write a short poem","Write a short poem","Poetry, poem, mood, keywords, text","$0.01","Sun Apr 28 13:14:46 PDT 2019","3","BatchId:3623649;OriginalHitTemplateId:920937340;","3600","259200","Sun May 05 13:14:46 PDT 2019","","","3NGMS9VZTMX14Q6P892FXEZKRCYFF5","A1HYN3SBG2ORO5","Submitted","Sun Apr 28 15:16:20 PDT 2019","Sun Apr 28 15:19:14 PDT 2019","Wed May 01 15:19:14 PDT 2019","","","","174","0% (0/0)","0% (0/0)","0% (0/0)","STONE AIRPLANE (Falling Up)","I made an airplane out of stone…","airplane","stone","home","Funny","I used a chisel","and tried not to break a bone","so my mom would be happy at home."
"3QE4DGPGBRQUXQ719A7C0C6GLXH4GN","3EP32X4638KBVFEC0QB87T4462NH1N","Write a short poem","Write a short poem","Poetry, poem, mood, keywords, text","$0.01","Sun Apr 28 13:14:46 PDT 2019","3","BatchId:3623649;OriginalHitTemplateId:920937340;","3600","259200","Sun May 05 13:14:46 PDT 2019","","","31QNSG6A5S8FAIHWICYXZU5H6K887J","A3AAC42XHLJPKM","Submitted","Sun Apr 28 19:13:30 PDT 2019","Sun Apr 28 19:15:25 PDT 2019","Wed May 01 19:15:25 PDT 2019","","","","115","0% (0/0)","0% (0/0)","0% (0/0)","INVENTION (Where the Sidewalk Ends)","I’ve done it, I’ve done it!","done","i've","it","Funny","I’ve done it, I’ve done it!","I’ve done it, I’ve done it!","I’ve done it, I’ve done it!"
"3QE4DGPGBRQUXQ719A7C0C6GLXH4GN","3EP32X4638KBVFEC0QB87T4462NH1N","Write a short poem","Write a short poem","Poetry, poem, mood, keywords, text","$0.01","Sun Apr 28 13:14:46 PDT 2019","3","BatchId:3623649;OriginalHitTemplateId:920937340;","3600","259200","Sun May 05 13:14:46 PDT 2019","","","3AMW0RGHOEHPJV80K0HXHDMXV9ANPQ","A17VFZ7FCR4QQO","Submitted","Sun Apr 28 17:14:36 PDT 2019","Sun Apr 28 17:33:55 PDT 2019","Wed May 01 17:33:55 PDT 2019","","","","1159","0% (0/0)","0% (0/0)","0% (0/0)","INVENTION (Where the Sidewalk Ends)","I’ve done it, I’ve done it!","done","i've","it","Funny","If you want it ,you can have it .","You can be done with it .","But be done ,I've done it ."
"3QE4DGPGBRQUXQ719A7C0C6GLXH4GN","3EP32X4638KBVFEC0QB87T4462NH1N","Write a short poem","Write a short poem","Poetry, poem, mood, keywords, text","$0.01","Sun Apr 28 13:14:46 PDT 2019","3","BatchId:3623649;OriginalHitTemplateId:920937340;","3600","259200","Sun May 05 13:14:46 PDT 2019","","","3V5Q80FXIY6MNKEK0JM6CMGYFIO320","A1HYN3SBG2ORO5","Submitted","Sun Apr 28 15:19:26 PDT 2019","Sun Apr 28 15:20:01 PDT 2019","Wed May 01 15:20:01 PDT 2019","","","","35","0% (0/0)","0% (0/0)","0% (0/0)","INVENTION (Where the Sidewalk Ends)","I’ve done it, I’ve done it!","done","i've","it","Funny","I've caught a ball","I still can't believe it","I did it with paws"
"3OJX0UFJ0ZMEZEE8AASKLZINGX9U98","3EP32X4638KBVFEC0QB87T4462NH1N","Write a short poem","Write a short poem","Poetry, poem, mood, keywords, text","$0.01","Sun Apr 28 13:14:47 PDT 2019","3","BatchId:3623649;OriginalHitTemplateId:920937340;","3600","259200","Sun May 05 13:14:47 PDT 2019","","","3PWWM24LHTD8OHKQC0H233O9V4R828","ATQ4CN8RDR9FA","Submitted","Sun Apr 28 22:26:25 PDT 2019","Sun Apr 28 22:28:44 PDT 2019","Wed May 01 22:28:44 PDT 2019","","","","139","0% (0/0)","0% (0/0)","0% (0/0)","WHO (Where the Sidewalk Ends)","Who can kick a football","might","fought","policemen","Funny","We argued- I might, he might or maybe she","The policemen spotted us, there outside the mall","We picked the ball and quietly handed over the fee"
"3OJX0UFJ0ZMEZEE8AASKLZINGX9U98","3EP32X4638KBVFEC0QB87T4462NH1N","Write a short poem","Write a short poem","Poetry, poem, mood, keywords, text","$0.01","Sun Apr 28 13:14:47 PDT 2019","3","BatchId:3623649;OriginalHitTemplateId:920937340;","3600","259200","Sun May 05 13:14:47 PDT 2019","","","3T111IHZ5F5P66KLWI2H47RSR2O9RC","A191V8LNTTLHSA","Submitted","Sun Apr 28 22:06:02 PDT 2019","Sun Apr 28 22:07:34 PDT 2019","Wed May 01 22:07:34 PDT 2019","","","","92","0% (0/0)","0% (0/0)","0% (0/0)","WHO (Where the Sidewalk Ends)","Who can kick a football","might","fought","policemen","Funny","the player can kick a  football","a football player can kick a football","a man can kick a football"
"3OJX0UFJ0ZMEZEE8AASKLZINGX9U98","3EP32X4638KBVFEC0QB87T4462NH1N","Write a short poem","Write a short poem","Poetry, poem, mood, keywords, text","$0.01","Sun Apr 28 13:14:47 PDT 2019","3","BatchId:3623649;OriginalHitTemplateId:920937340;","3600","259200","Sun May 05 13:14:47 PDT 2019","","","3TVRFO09GLU44476UEBZYY4BSDPLXG","A1G4QDVYGHSQCY","Submitted","Sun Apr 28 21:19:10 PDT 2019","Sun Apr 28 21:21:44 PDT 2019","Wed May 01 21:21:44 PDT 2019","","","","154","0% (0/0)","0% (0/0)","0% (0/0)","WHO (Where the Sidewalk Ends)","Who can kick a football","might","fought","policemen","Funny","Who might See the Football","Policeman Fought Him","Who can kick a football towards Him."
"3L21G7IH47BDRIVIGYAG9E6HE9X1Y5","3EP32X4638KBVFEC0QB87T4462NH1N","Write a short poem","Write a short poem","Poetry, poem, mood, keywords, text","$0.01","Sun Apr 28 13:14:47 PDT 2019","3","BatchId:3623649;OriginalHitTemplateId:920937340;","3600","259200","Sun May 05 13:14:47 PDT 2019","","","3EG49X351VRMLJ4Z7A5X9FME2IV6XO","A1XUXY84RLKDTW","Submitted","Sun Apr 28 17:32:14 PDT 2019","Sun Apr 28 17:37:31 PDT 2019","Wed May 01 17:37:31 PDT 2019","","","","317","0% (0/0)","0% (0/0)","0% (0/0)","THE FOURTH (Where the Sidewalk Ends)","Oh","bash","bang","fourth","Funny","We went to a bash on the Fourth of July","Fireworks above us, what a show!","Celebrate America, I know why!"
"3L21G7IH47BDRIVIGYAG9E6HE9X1Y5","3EP32X4638KBVFEC0QB87T4462NH1N","Write a short poem","Write a short poem","Poetry, poem, mood, keywords, text","$0.01","Sun Apr 28 13:14:47 PDT 2019","3","BatchId:3623649;OriginalHitTemplateId:920937340;","3600","259200","Sun May 05 13:14:47 PDT 2019","","","3G5W44VEU8XIYCUYK4ZUVCR10NJGKB","A149ACKLZDPEVU","Submitted","Sun Apr 28 17:51:24 PDT 2019","Sun Apr 28 17:57:26 PDT 2019","Wed May 01 17:57:26 PDT 2019","","","","362","0% (0/0)","0% (0/0)","0% (0/0)","THE FOURTH (Where the Sidewalk Ends)","Oh","bash","bang","fourth","Funny","there was a bash on the fourth of july","durng that bash there was a bang","and it all happened because of a fly"
"3L21G7IH47BDRIVIGYAG9E6HE9X1Y5","3EP32X4638KBVFEC0QB87T4462NH1N","Write a short poem","Write a short poem","Poetry, poem, mood, keywords, text","$0.01","Sun Apr 28 13:14:47 PDT 2019","3","BatchId:3623649;OriginalHitTemplateId:920937340;","3600","259200","Sun May 05 13:14:47 PDT 2019","","","3YDTZAI2WYV0GVFSHTRBH8YZ1C7143","A31NU7MLMSE2YD","Submitted","Sun Apr 28 15:31:34 PDT 2019","Sun Apr 28 15:33:27 PDT 2019","Wed May 01 15:33:27 PDT 2019","","","","113","0% (0/0)","0% (0/0)","0% (0/0)","THE FOURTH (Where the Sidewalk Ends)","Oh","bash","bang","fourth","Funny","I thought I heard a -BANG-","Who would have thought that would blow?","Oh no - here it goes a-BLAM!"
"3VJ4PFXFJ3MS4XOD2G6KHUT7MFRUAN","3EP32X4638KBVFEC0QB87T4462NH1N","Write a short poem","Write a short poem","Poetry, poem, mood, keywords, text","$0.01","Sun Apr 28 13:14:47 PDT 2019","3","BatchId:3623649;OriginalHitTemplateId:920937340;","3600","259200","Sun May 05 13:14:47 PDT 2019","","","36PW28KO40BE2LPL2IWH1V3TIV2EA5","A13UE2N4QSD2I7","Submitted","Sun Apr 28 13:50:52 PDT 2019","Sun Apr 28 13:52:16 PDT 2019","Wed May 01 13:52:16 PDT 2019","","","","84","0% (0/0)","0% (0/0)","0% (0/0)","I MUST REMEMBER (Where the Sidewalk Ends)","I must remember…","dunce","must","remember","Funny","i must really remember for once","i must remember for the whole of december","or else Jimmy will call me a dunce"
"3VJ4PFXFJ3MS4XOD2G6KHUT7MFRUAN","3EP32X4638KBVFEC0QB87T4462NH1N","Write a short poem","Write a short poem","Poetry, poem, mood, keywords, text","$0.01","Sun Apr 28 13:14:47 PDT 2019","3","BatchId:3623649;OriginalHitTemplateId:920937340;","3600","259200","Sun May 05 13:14:47 PDT 2019","","","386CSBG1O012CM3NLWA5F7QL5FAQ6D","AGNS6CGA0DPTM","Submitted","Sun Apr 28 19:45:57 PDT 2019","Sun Apr 28 19:47:34 PDT 2019","Wed May 01 19:47:34 PDT 2019","","","","97","0% (0/0)","0% (0/0)","0% (0/0)","I MUST REMEMBER (Where the Sidewalk Ends)","I must remember…","dunce","must","remember","Funny","The dance I learned once","I think it was September","And I moved like a dunce."
"3VJ4PFXFJ3MS4XOD2G6KHUT7MFRUAN","3EP32X4638KBVFEC0QB87T4462NH1N","Write a short poem","Write a short poem","Poetry, poem, mood, keywords, text","$0.01","Sun Apr 28 13:14:47 PDT 2019","3","BatchId:3623649;OriginalHitTemplateId:920937340;","3600","259200","Sun May 05 13:14:47 PDT 2019","","","38YMOXR4MVE7WJZ9X59B7W87TGRW6N","A3AAC42XHLJPKM","Submitted","Sun Apr 28 19:28:44 PDT 2019","Sun Apr 28 19:29:25 PDT 2019","Wed May 01 19:29:25 PDT 2019","","","","41","0% (0/0)","0% (0/0)","0% (0/0)","I MUST REMEMBER (Where the Sidewalk Ends)","I must remember…","dunce","must","remember","Funny","You take in all around you","Colours, taste and smell","Before it fades like a dying ember"
"33N1S8XHHM0DW85NCKCZNLFJK311ZW","3EP32X4638KBVFEC0QB87T4462NH1N","Write a short poem","Write a short poem","Poetry, poem, mood, keywords, text","$0.01","Sun Apr 28 13:14:47 PDT 2019","3","BatchId:3623649;OriginalHitTemplateId:920937340;","3600","259200","Sun May 05 13:14:47 PDT 2019","","","32EYX73OY1ONQY8OUTX803E64NTRUG","A72UX4W7OD6PL","Submitted","Sun Apr 28 18:39:56 PDT 2019","Sun Apr 28 18:41:14 PDT 2019","Wed May 01 18:41:14 PDT 2019","","","","78","0% (0/0)","0% (0/0)","0% (0/0)","SCALE (Falling Up)","If I could only see the scale,","scale","pounds","weight","Sad","after feeling the weight of my body","watch the pounds fall like hail","then jeff might truly be sorry"
"33N1S8XHHM0DW85NCKCZNLFJK311ZW","3EP32X4638KBVFEC0QB87T4462NH1N","Write a short poem","Write a short poem","Poetry, poem, mood, keywords, text","$0.01","Sun Apr 28 13:14:47 PDT 2019","3","BatchId:3623649;OriginalHitTemplateId:920937340;","3600","259200","Sun May 05 13:14:47 PDT 2019","","","3OJSZ2ATDTBWN0YUKERUNAVQ4U575E","A17E9CY6MRFTO7","Submitted","Sun Apr 28 17:35:24 PDT 2019","Sun Apr 28 17:43:11 PDT 2019","Wed May 01 17:43:11 PDT 2019","","","","467","0% (0/0)","0% (0/0)","0% (0/0)","SCALE (Falling Up)","If I could only see the scale,","scale","pounds","weight","Sad","A testament to my lost weight,","All I have done is try and fail,","How much longer must I wait?"
"33N1S8XHHM0DW85NCKCZNLFJK311ZW","3EP32X4638KBVFEC0QB87T4462NH1N","Write a short poem","Write a short poem","Poetry, poem, mood, keywords, text","$0.01","Sun Apr 28 13:14:47 PDT 2019","3","BatchId:3623649;OriginalHitTemplateId:920937340;","3600","259200","Sun May 05 13:14:47 PDT 2019","","","3SPJ033422IN9J9GWPLO1XYSQU6JYA","A1WAWEY2810TFN","Submitted","Sun Apr 28 16:28:52 PDT 2019","Sun Apr 28 16:32:02 PDT 2019","Wed May 01 16:32:02 PDT 2019","","","","190","100% (31/31)","100% (31/31)","0% (0/0)","SCALE (Falling Up)","If I could only see the scale,","scale","pounds","weight","Sad","That show my pounds in weight","Instead I see a beach-ed whale","With too much on her plate"
"39I4RL8QGJW8XM2CTGPULCIH0XU4HM","3EP32X4638KBVFEC0QB87T4462NH1N","Write a short poem","Write a short poem","Poetry, poem, mood, keywords, text","$0.01","Sun Apr 28 13:14:47 PDT 2019","3","BatchId:3623649;OriginalHitTemplateId:920937340;","3600","259200","Sun May 05 13:14:47 PDT 2019","","","39KFRKBFIOA1AU0DC2DT9TFEPOKYOC","A1RD8IDEQEK0VB","Submitted","Sun Apr 28 18:40:56 PDT 2019","Sun Apr 28 18:45:17 PDT 2019","Wed May 01 18:45:17 PDT 2019","","","","261","0% (0/0)","0% (0/0)","0% (0/0)","THE ACROBATS (Where the Sidewalk Ends)","I’ll swing","trapeze","sneeze","swing","Funny","on the trapeze","Machine swing (sounds like sewing) -","make sure not to sneeze"
"39I4RL8QGJW8XM2CTGPULCIH0XU4HM","3EP32X4638KBVFEC0QB87T4462NH1N","Write a short poem","Write a short poem","Poetry, poem, mood, keywords, text","$0.01","Sun Apr 28 13:14:47 PDT 2019","3","BatchId:3623649;OriginalHitTemplateId:920937340;","3600","259200","Sun May 05 13:14:47 PDT 2019","","","3QFUFYSY9ZUR6A90OS6W6A2T2MNF4F","A35PG6HAKKTRV2","Submitted","Sun Apr 28 14:13:58 PDT 2019","Sun Apr 28 14:15:40 PDT 2019","Wed May 01 14:15:40 PDT 2019","","","","102","0% (0/0)","0% (0/0)","0% (0/0)","THE ACROBATS (Where the Sidewalk Ends)","I’ll swing","trapeze","sneeze","swing","Funny","On the trapeze","I'll swing","Until I sneeze."
"39I4RL8QGJW8XM2CTGPULCIH0XU4HM","3EP32X4638KBVFEC0QB87T4462NH1N","Write a short poem","Write a short poem","Poetry, poem, mood, keywords, text","$0.01","Sun Apr 28 13:14:47 PDT 2019","3","BatchId:3623649;OriginalHitTemplateId:920937340;","3600","259200","Sun May 05 13:14:47 PDT 2019","","","3TGOYF991Y1F6Q05YNSD5E1QBMXUUN","A3J3IXX1UONTRO","Submitted","Sun Apr 28 18:46:25 PDT 2019","Sun Apr 28 18:48:49 PDT 2019","Wed May 01 18:48:49 PDT 2019","","","","144","0% (0/0)","0% (0/0)","0% (0/0)","THE ACROBATS (Where the Sidewalk Ends)","I’ll swing","trapeze","sneeze","swing","Funny","From a trapeze","For a fling","And hope I don't sneeze!"
"3VP28W7DUNZ4MNZVJJRKCNJDLDJZFU","3EP32X4638KBVFEC0QB87T4462NH1N","Write a short poem","Write a short poem","Poetry, poem, mood, keywords, text","$0.01","Sun Apr 28 13:14:47 PDT 2019","3","BatchId:3623649;OriginalHitTemplateId:920937340;","3600","259200","Sun May 05 13:14:47 PDT 2019","","","39O5D9O87U7ZL26MXCBCOZPKR9V3C3","A3W0C04EXOY12C","Submitted","Sun Apr 28 13:33:42 PDT 2019","Sun Apr 28 13:34:15 PDT 2019","Wed May 01 13:34:15 PDT 2019","","","","33","100% (1/1)","100% (1/1)","0% (0/0)","A LIGHT IN THE ATTIC (A Light in the Attic)","There’s a light on in the attic.","attic","dark","inside","Neutral","Neutral","Neutral","Neutral"
"3VP28W7DUNZ4MNZVJJRKCNJDLDJZFU","3EP32X4638KBVFEC0QB87T4462NH1N","Write a short poem","Write a short poem","Poetry, poem, mood, keywords, text","$0.01","Sun Apr 28 13:14:47 PDT 2019","3","BatchId:3623649;OriginalHitTemplateId:920937340;","3600","259200","Sun May 05 13:14:47 PDT 2019","","","3FTF2T8WLSXUE217VCCNR6Z9JHV9W7","A33FOAE5NUD5ZD","Submitted","Sun Apr 28 16:41:32 PDT 2019","Sun Apr 28 16:54:11 PDT 2019","Wed May 01 16:54:11 PDT 2019","","","","759","0% (0/0)","0% (0/0)","0% (0/0)","A LIGHT IN THE ATTIC (A Light in the Attic)","There’s a light on in the attic.","attic","dark","inside","Neutral","where the dark shadows cast sparkles into the abyss","inside the doves take flight and the squirrel's delight with behaviour that is dramatic","if only to mark the time between the morning's first dew and the evenings short but sweet indigo kiss"
"3VP28W7DUNZ4MNZVJJRKCNJDLDJZFU","3EP32X4638KBVFEC0QB87T4462NH1N","Write a short poem","Write a short poem","Poetry, poem, mood, keywords, text","$0.01","Sun Apr 28 13:14:47 PDT 2019","3","BatchId:3623649;OriginalHitTemplateId:920937340;","3600","259200","Sun May 05 13:14:47 PDT 2019","","","3Y54SXRO1M006DLGYI230IFOS8QUTW","A1RD8IDEQEK0VB","Submitted","Sun Apr 28 18:46:28 PDT 2019","Sun Apr 28 18:49:11 PDT 2019","Wed May 01 18:49:11 PDT 2019","","","","163","0% (0/0)","0% (0/0)","0% (0/0)","A LIGHT IN THE ATTIC (A Light in the Attic)","There’s a light on in the attic.","attic","dark","inside","Neutral","I turn it on when it's dark.","Most cars are static","inside a car park."
"3R868ACW4SRA0NVQU3X2U8JPMSJZGT","3EP32X4638KBVFEC0QB87T4462NH1N","Write a short poem","Write a short poem","Poetry, poem, mood, keywords, text","$0.01","Sun Apr 28 13:14:47 PDT 2019","3","BatchId:3623649;OriginalHitTemplateId:920937340;","3600","259200","Sun May 05 13:14:47 PDT 2019","","","30H4UDGLT3XJ1DN08Z2X4YXXQJQPMI","A1OST3BY4TI9R5","Submitted","Sun Apr 28 13:15:38 PDT 2019","Sun Apr 28 13:18:01 PDT 2019","Wed May 01 13:18:01 PDT 2019","","","","143","0% (0/0)","0% (0/0)","0% (0/0)","THE WORST (Where the Sidewalk Ends)","When singing songs of scariness,","ferocious","beast","scariness","Funny","And fear of the beast is real,","Just prance about in your underwear,","And the ferocious beast will kneel."
"3R868ACW4SRA0NVQU3X2U8JPMSJZGT","3EP32X4638KBVFEC0QB87T4462NH1N","Write a short poem","Write a short poem","Poetry, poem, mood, keywords, text","$0.01","Sun Apr 28 13:14:47 PDT 2019","3","BatchId:3623649;OriginalHitTemplateId:920937340;","3600","259200","Sun May 05 13:14:47 PDT 2019","","","32SCWG5HIIJHCA28LJVGF20B0JOP6L","A3AAC42XHLJPKM","Submitted","Sun Apr 28 19:32:35 PDT 2019","Sun Apr 28 19:33:11 PDT 2019","Wed May 01 19:33:11 PDT 2019","","","","36","0% (0/0)","0% (0/0)","0% (0/0)","THE WORST (Where the Sidewalk Ends)","When singing songs of scariness,","ferocious","beast","scariness","Funny","Of bloodiness and hairyness,","I feel obligated to remind you","Of the most ferocious beast of all"
"3R868ACW4SRA0NVQU3X2U8JPMSJZGT","3EP32X4638KBVFEC0QB87T4462NH1N","Write a short poem","Write a short poem","Poetry, poem, mood, keywords, text","$0.01","Sun Apr 28 13:14:47 PDT 2019","3","BatchId:3623649;OriginalHitTemplateId:920937340;","3600","259200","Sun May 05 13:14:47 PDT 2019","","","3UN61F00HX465JI9TSP0SRMQ5635RF","A1EO8DYSSEB3XJ","Submitted","Sun Apr 28 20:24:21 PDT 2019","Sun Apr 28 20:29:08 PDT 2019","Wed May 01 20:29:08 PDT 2019","","","","287","0% (0/0)","0% (0/0)","0% (0/0)","THE WORST (Where the Sidewalk Ends)","When singing songs of scariness,","ferocious","beast","scariness","Funny","With ferocious words awhirl.","Beast and the goblin scariness,","Around us all will twirl."
"3AC6MFV69KXO0JQ1E9FKF8VQ1SWZHS","3EP32X4638KBVFEC0QB87T4462NH1N","Write a short poem","Write a short poem","Poetry, poem, mood, keywords, text","$0.01","Sun Apr 28 13:14:47 PDT 2019","3","BatchId:3623649;OriginalHitTemplateId:920937340;","3600","259200","Sun May 05 13:14:47 PDT 2019","","","39GXDJN2OUTHL8IS0A1D58LKS2B8V7","AQH7ZVVUB8UZW","Submitted","Sun Apr 28 16:54:35 PDT 2019","Sun Apr 28 16:57:57 PDT 2019","Wed May 01 16:57:57 PDT 2019","","","","202","0% (0/0)","0% (0/0)","0% (0/0)","CRYSTAL BALL (Falling Up)","Come see your life in my crystal glass—","crystal","past","lunch","Funny","There's something here I can't get past","Your picnic lunch on the grass","Was so amazingly vast."
"3AC6MFV69KXO0JQ1E9FKF8VQ1SWZHS","3EP32X4638KBVFEC0QB87T4462NH1N","Write a short poem","Write a short poem","Poetry, poem, mood, keywords, text","$0.01","Sun Apr 28 13:14:47 PDT 2019","3","BatchId:3623649;OriginalHitTemplateId:920937340;","3600","259200","Sun May 05 13:14:47 PDT 2019","","","3DYGAII7PMNAMSLS0S9EL7H20KXPQF","A17VFZ7FCR4QQO","Submitted","Sun Apr 28 17:34:33 PDT 2019","Sun Apr 28 17:39:50 PDT 2019","Wed May 01 17:39:50 PDT 2019","","","","317","0% (0/0)","0% (0/0)","0% (0/0)","CRYSTAL BALL (Falling Up)","Come see your life in my crystal glass—","crystal","past","lunch","Funny","Come to have lunch and where your dress .","Dreams your life in the crystal glass.","Past your dreams where you have lunch ."
"3AC6MFV69KXO0JQ1E9FKF8VQ1SWZHS","3EP32X4638KBVFEC0QB87T4462NH1N","Write a short poem","Write a short poem","Poetry, poem, mood, keywords, text","$0.01","Sun Apr 28 13:14:47 PDT 2019","3","BatchId:3623649;OriginalHitTemplateId:920937340;","3600","259200","Sun May 05 13:14:47 PDT 2019","","","3KB8R4ZV1FMH59Q4ERM1W98BDT8GBP","A3UMM2Y3QRZKSK","Submitted","Sun Apr 28 16:54:40 PDT 2019","Sun Apr 28 16:56:50 PDT 2019","Wed May 01 16:56:50 PDT 2019","","","","130","0% (0/0)","0% (0/0)","0% (0/0)","CRYSTAL BALL (Falling Up)","Come see your life in my crystal glass—","crystal","past","lunch","Funny","Look deep within and see the past.","and then it hits you like a  punch.","Oh my lord I forgot my lunch."
"3Q2T3FD0ONN974KJKZ0O3CY73JWM3R","3EP32X4638KBVFEC0QB87T4462NH1N","Write a short poem","Write a short poem","Poetry, poem, mood, keywords, text","$0.01","Sun Apr 28 13:14:47 PDT 2019","3","BatchId:3623649;OriginalHitTemplateId:920937340;","3600","259200","Sun May 05 13:14:47 PDT 2019","","","3DY4FPOOA23N3DXOZJ7DWPGPIUXVR4","A31NU7MLMSE2YD","Submitted","Sun Apr 28 15:30:42 PDT 2019","Sun Apr 28 15:31:34 PDT 2019","Wed May 01 15:31:34 PDT 2019","","","","52","0% (0/0)","0% (0/0)","0% (0/0)","HOW NOT TO HAVE TO DRY THE DISHES (Falling Up)","If you have to dry the dishes","drop","dishes","chore","Funny","you have to know the chore","and if you drop the dishes","you have to wash some more"
"3Q2T3FD0ONN974KJKZ0O3CY73JWM3R","3EP32X4638KBVFEC0QB87T4462NH1N","Write a short poem","Write a short poem","Poetry, poem, mood, keywords, text","$0.01","Sun Apr 28 13:14:47 PDT 2019","3","BatchId:3623649;OriginalHitTemplateId:920937340;","3600","259200","Sun May 05 13:14:47 PDT 2019","","","3MRNMEIQW6LQ6Y2P3EAN4R1JCV3DLW","ACA923K63POC0","Submitted","Sun Apr 28 14:48:01 PDT 2019","Sun Apr 28 14:49:16 PDT 2019","Wed May 01 14:49:16 PDT 2019","","","","75","0% (0/0)","0% (0/0)","0% (0/0)","HOW NOT TO HAVE TO DRY THE DISHES (Falling Up)","If you have to dry the dishes","drop","dishes","chore","Funny","do not groan at this chore","but while you dry the dishes","be sure they don't fall to the floor"
"3Q2T3FD0ONN974KJKZ0O3CY73JWM3R","3EP32X4638KBVFEC0QB87T4462NH1N","Write a short poem","Write a short poem","Poetry, poem, mood, keywords, text","$0.01","Sun Apr 28 13:14:47 PDT 2019","3","BatchId:3623649;OriginalHitTemplateId:920937340;","3600","259200","Sun May 05 13:14:47 PDT 2019","","","3RXCAC0YIS4Y3BSXBF2R57IA5NL8GG","A3R9BUUZV3NFYD","Submitted","Sun Apr 28 15:18:58 PDT 2019","Sun Apr 28 15:20:28 PDT 2019","Wed May 01 15:20:28 PDT 2019","","","","90","0% (0/0)","0% (0/0)","0% (0/0)","HOW NOT TO HAVE TO DRY THE DISHES (Falling Up)","If you have to dry the dishes","drop","dishes","chore","Funny","Please don't think it is a chore","If you were swimming with the fishes","You would despise it even more."
"3VQTAXTYN30XN7T58U6GC5DD4XCUBI","3EP32X4638KBVFEC0QB87T4462NH1N","Write a short poem","Write a short poem","Poetry, poem, mood, keywords, text","$0.01","Sun Apr 28 13:14:47 PDT 2019","3","BatchId:3623649;OriginalHitTemplateId:920937340;","3600","259200","Sun May 05 13:14:47 PDT 2019","","","31HQ4X3T3TPW8NL7045CZQNJDYCSL4","A5AJ3WOPKFLH4","Submitted","Sun Apr 28 14:20:55 PDT 2019","Sun Apr 28 14:29:57 PDT 2019","Wed May 01 14:29:57 PDT 2019","","","","542","0% (0/0)","0% (0/0)","0% (0/0)","WARNING (Where the Sidewalk Ends)","Inside everybody’s nose","sharp-toothed","bite","nail","Neutral","A sharp-toothed beast resides.","His nail can scratch his toes","His bite can raise the tides."
"3VQTAXTYN30XN7T58U6GC5DD4XCUBI","3EP32X4638KBVFEC0QB87T4462NH1N","Write a short poem","Write a short poem","Poetry, poem, mood, keywords, text","$0.01","Sun Apr 28 13:14:47 PDT 2019","3","BatchId:3623649;OriginalHitTemplateId:920937340;","3600","259200","Sun May 05 13:14:47 PDT 2019","","","3IRIK4HM3BZYILT4GE9AV214104C6P","A2ILVU6N0FXRNM","Submitted","Sun Apr 28 15:44:24 PDT 2019","Sun Apr 28 15:46:10 PDT 2019","Wed May 01 15:46:10 PDT 2019","","","","106","0% (0/0)","0% (0/0)","0% (0/0)","WARNING (Where the Sidewalk Ends)","Inside everybody’s nose","sharp-toothed","bite","nail","Neutral","sharp-toothed hairs that bite","As winter air travels and strikes a pose","Like a nail holding together a kite"
"3VQTAXTYN30XN7T58U6GC5DD4XCUBI","3EP32X4638KBVFEC0QB87T4462NH1N","Write a short poem","Write a short poem","Poetry, poem, mood, keywords, text","$0.01","Sun Apr 28 13:14:47 PDT 2019","3","BatchId:3623649;OriginalHitTemplateId:920937340;","3600","259200","Sun May 05 13:14:47 PDT 2019","","","3QAVNHZ3ENJS8RZDJ4JLEQTDRS6LA2","ACA923K63POC0","Submitted","Sun Apr 28 14:46:17 PDT 2019","Sun Apr 28 14:48:01 PDT 2019","Wed May 01 14:48:01 PDT 2019","","","","104","0% (0/0)","0% (0/0)","0% (0/0)","WARNING (Where the Sidewalk Ends)","Inside everybody’s nose","sharp-toothed","bite","nail","Neutral","And underneath their nail","are the same molecules of a sharp toothed shark","who's bite will make you wail"
"3FULMHZ7OUCUP03NKD57DHQDHJSM4C","3EP32X4638KBVFEC0QB87T4462NH1N","Write a short poem","Write a short poem","Poetry, poem, mood, keywords, text","$0.01","Sun Apr 28 13:14:47 PDT 2019","3","BatchId:3623649;OriginalHitTemplateId:920937340;","3600","259200","Sun May 05 13:14:47 PDT 2019","","","3FIJLY1B6VJDV3VJMCYK98DOTIRFPE","A3AAC42XHLJPKM","Submitted","Sun Apr 28 19:07:46 PDT 2019","Sun Apr 28 19:11:48 PDT 2019","Wed May 01 19:11:48 PDT 2019","","","","242","0% (0/0)","0% (0/0)","0% (0/0)","CAPTAIN HOOK (Where the Sidewalk Ends)","Captain Hook must remember","hook","captain","careful","Funny","Not to scratch his toes.","Captain Hook must watch out","And never pick his nose."
"3FULMHZ7OUCUP03NKD57DHQDHJSM4C","3EP32X4638KBVFEC0QB87T4462NH1N","Write a short poem","Write a short poem","Poetry, poem, mood, keywords, text","$0.01","Sun Apr 28 13:14:47 PDT 2019","3","BatchId:3623649;OriginalHitTemplateId:920937340;","3600","259200","Sun May 05 13:14:47 PDT 2019","","","3Y54SXRO1M006DLGYI230IFOS8NTUS","A17VFZ7FCR4QQO","Submitted","Sun Apr 28 17:08:42 PDT 2019","Sun Apr 28 17:14:26 PDT 2019","Wed May 01 17:14:26 PDT 2019","","","","344","0% (0/0)","0% (0/0)","0% (0/0)","CAPTAIN HOOK (Where the Sidewalk Ends)","Captain Hook must remember","hook","captain","careful","Funny","Careful read the funny words .","People around  him they looking","Funny words Captain Hook writing ."
"3FULMHZ7OUCUP03NKD57DHQDHJSM4C","3EP32X4638KBVFEC0QB87T4462NH1N","Write a short poem","Write a short poem","Poetry, poem, mood, keywords, text","$0.01","Sun Apr 28 13:14:47 PDT 2019","3","BatchId:3623649;OriginalHitTemplateId:920937340;","3600","259200","Sun May 05 13:14:47 PDT 2019","","","3YZ8UPK3VU1JKWJ5CW7DB8FK4MVUCI","AESDF6FE5HPJ0","Submitted","Sun Apr 28 22:16:16 PDT 2019","Sun Apr 28 22:18:18 PDT 2019","Wed May 01 22:18:18 PDT 2019","","","","122","0% (0/0)","0% (0/0)","0% (0/0)","CAPTAIN HOOK (Where the Sidewalk Ends)","Captain Hook must remember","hook","captain","careful","Funny","How he lost his hand.","If he can't remember,","Careful- PETER PAN."
"3VEI3XUCZRC7B92YN5TC2EVIE2NRPW","3EP32X4638KBVFEC0QB87T4462NH1N","Write a short poem","Write a short poem","Poetry, poem, mood, keywords, text","$0.01","Sun Apr 28 13:14:47 PDT 2019","3","BatchId:3623649;OriginalHitTemplateId:920937340;","3600","259200","Sun May 05 13:14:47 PDT 2019","","","3MHW492WW1SW6XKWUBBWAQMFC7YMV7","A31NU7MLMSE2YD","Submitted","Sun Apr 28 15:33:28 PDT 2019","Sun Apr 28 15:34:43 PDT 2019","Wed May 01 15:34:43 PDT 2019","","","","75","0% (0/0)","0% (0/0)","0% (0/0)","MY ZOOOTCH (Every Thing On It)","I never have nightmares,","nightmares","never","have","Funny","I always have day dreams","The problem that always scares","Is that I don't know what that means!"
"3VEI3XUCZRC7B92YN5TC2EVIE2NRPW","3EP32X4638KBVFEC0QB87T4462NH1N","Write a short poem","Write a short poem","Poetry, poem, mood, keywords, text","$0.01","Sun Apr 28 13:14:47 PDT 2019","3","BatchId:3623649;OriginalHitTemplateId:920937340;","3600","259200","Sun May 05 13:14:47 PDT 2019","","","3QXNC7EIPJA16C0M25J2KBQ5ICI09Y","A1XUXY84RLKDTW","Submitted","Sun Apr 28 17:47:29 PDT 2019","Sun Apr 28 17:48:49 PDT 2019","Wed May 01 17:48:49 PDT 2019","","","","80","0% (0/0)","0% (0/0)","0% (0/0)","MY ZOOOTCH (Every Thing On It)","I never have nightmares,","nightmares","never","have","Funny","Though I dream every night.","The monsters visit me and no one cares","I am the one to give them a fright."
"3VEI3XUCZRC7B92YN5TC2EVIE2NRPW","3EP32X4638KBVFEC0QB87T4462NH1N","Write a short poem","Write a short poem","Poetry, poem, mood, keywords, text","$0.01","Sun Apr 28 13:14:47 PDT 2019","3","BatchId:3623649;OriginalHitTemplateId:920937340;","3600","259200","Sun May 05 13:14:47 PDT 2019","","","3X73LLYYQ2TX6EAC1N9S84K69I7HNM","AESDF6FE5HPJ0","Submitted","Sun Apr 28 22:09:45 PDT 2019","Sun Apr 28 22:14:42 PDT 2019","Wed May 01 22:14:42 PDT 2019","","","","297","0% (0/0)","0% (0/0)","0% (0/0)","MY ZOOOTCH (Every Thing On It)","I never have nightmares,","nightmares","never","have","Funny","I sleep during the DAY.","If I have a nightmare,","It's best to stay away."
"39WSF6KUV200H5LSMZWXE7R9P81OEZ","3EP32X4638KBVFEC0QB87T4462NH1N","Write a short poem","Write a short poem","Poetry, poem, mood, keywords, text","$0.01","Sun Apr 28 13:14:47 PDT 2019","3","BatchId:3623649;OriginalHitTemplateId:920937340;","3600","259200","Sun May 05 13:14:47 PDT 2019","","","31JLPPHS2V90UR3PNHK3JZJ1GNKO3R","A1HYN3SBG2ORO5","Submitted","Sun Apr 28 15:21:42 PDT 2019","Sun Apr 28 15:23:24 PDT 2019","Wed May 01 15:23:24 PDT 2019","","","","102","0% (0/0)","0% (0/0)","0% (0/0)","NOPE (Falling Up)","I put a piece of cantaloupe","cantaloupe","microscope","nope","Funny","Underneath the microscrope","and even though my mom said nope","I quickly ate it, it was dope"
"39WSF6KUV200H5LSMZWXE7R9P81OEZ","3EP32X4638KBVFEC0QB87T4462NH1N","Write a short poem","Write a short poem","Poetry, poem, mood, keywords, text","$0.01","Sun Apr 28 13:14:47 PDT 2019","3","BatchId:3623649;OriginalHitTemplateId:920937340;","3600","259200","Sun May 05 13:14:47 PDT 2019","","","326O153BMJDC0SSXMSNJRWBZ3Y3EDB","A2WXWOX1MFVTLU","Submitted","Sun Apr 28 15:24:42 PDT 2019","Sun Apr 28 15:27:39 PDT 2019","Wed May 01 15:27:39 PDT 2019","","","","177","0% (0/0)","0% (0/0)","0% (0/0)","NOPE (Falling Up)","I put a piece of cantaloupe","cantaloupe","microscope","nope","Funny","the cantaloupe move to the edge","there is my aunt with a microscope","trying to tell me that is a veg"
"39WSF6KUV200H5LSMZWXE7R9P81OEZ","3EP32X4638KBVFEC0QB87T4462NH1N","Write a short poem","Write a short poem","Poetry, poem, mood, keywords, text","$0.01","Sun Apr 28 13:14:47 PDT 2019","3","BatchId:3623649;OriginalHitTemplateId:920937340;","3600","259200","Sun May 05 13:14:47 PDT 2019","","","3FFJ6VRIL23UHDTP6ZPFX4P8129I03","A1EO8DYSSEB3XJ","Submitted","Sun Apr 28 20:35:44 PDT 2019","Sun Apr 28 20:46:07 PDT 2019","Wed May 01 20:46:07 PDT 2019","","","","623","0% (0/0)","0% (0/0)","0% (0/0)","NOPE (Falling Up)","I put a piece of cantaloupe","cantaloupe","microscope","nope","Funny","under the microscope to take a quick peek.","Looking for the secret to the cantaloupe's sweetness, but nope,","Its sweetness secrets I could not find, which makes me mope."
"31SIZS5W59USBL3DNI812JLSJY9RQN","3EP32X4638KBVFEC0QB87T4462NH1N","Write a short poem","Write a short poem","Poetry, poem, mood, keywords, text","$0.01","Sun Apr 28 13:14:47 PDT 2019","3","BatchId:3623649;OriginalHitTemplateId:920937340;","3600","259200","Sun May 05 13:14:47 PDT 2019","","","33SA9F9TRY9B9YSO3NS9JK0KAEHWEA","A1EO8DYSSEB3XJ","Submitted","Sun Apr 28 20:29:13 PDT 2019","Sun Apr 28 20:35:40 PDT 2019","Wed May 01 20:35:40 PDT 2019","","","","387","0% (0/0)","0% (0/0)","0% (0/0)","MY RULES (Where the Sidewalk Ends)","If you want to marry me, here’s what you’ll have to do:","marry","rules","troubled","Funny","Be polite and thoughtful, following all the rules.","I won't be troubled or wed by a grumpy rude man","No, only a kind and caring soul will do."
"31SIZS5W59USBL3DNI812JLSJY9RQN","3EP32X4638KBVFEC0QB87T4462NH1N","Write a short poem","Write a short poem","Poetry, poem, mood, keywords, text","$0.01","Sun Apr 28 13:14:47 PDT 2019","3","BatchId:3623649;OriginalHitTemplateId:920937340;","3600","259200","Sun May 05 13:14:47 PDT 2019","","","3483FV8BEFYLK312JLK4JPSIP9226H","A3CEO8VV1ZMXY0","Submitted","Sun Apr 28 22:52:38 PDT 2019","Sun Apr 28 22:54:29 PDT 2019","Wed May 01 22:54:29 PDT 2019","","","","111","100% (6/6)","100% (6/6)","0% (0/0)","MY RULES (Where the Sidewalk Ends)","If you want to marry me, here’s what you’ll have to do:","marry","rules","troubled","Funny","You must learn how to make a perfect chicken-dumpling stew.","And you must sew my holey socks,","And soothe my troubled mind,"
"31SIZS5W59USBL3DNI812JLSJY9RQN","3EP32X4638KBVFEC0QB87T4462NH1N","Write a short poem","Write a short poem","Poetry, poem, mood, keywords, text","$0.01","Sun Apr 28 13:14:47 PDT 2019","3","BatchId:3623649;OriginalHitTemplateId:920937340;","3600","259200","Sun May 05 13:14:47 PDT 2019","","","384PI804XTGJBRWLBBJT16VVA09S03","A3AAC42XHLJPKM","Submitted","Sun Apr 28 19:33:51 PDT 2019","Sun Apr 28 19:34:30 PDT 2019","Wed May 01 19:34:30 PDT 2019","","","","39","0% (0/0)","0% (0/0)","0% (0/0)","MY RULES (Where the Sidewalk Ends)","If you want to marry me, here’s what you’ll have to do:","marry","rules","troubled","Funny","You must learn how to make a perfect chicken-dumpling stew.","And you must sew my holey socks,","And soothe my troubled mind,"
"3UQVX1UPFSWNJ8HTRUZLM5M2U2W20M","3EP32X4638KBVFEC0QB87T4462NH1N","Write a short poem","Write a short poem","Poetry, poem, mood, keywords, text","$0.01","Sun Apr 28 13:14:47 PDT 2019","3","BatchId:3623649;OriginalHitTemplateId:920937340;","3600","259200","Sun May 05 13:14:47 PDT 2019","","","3FE2ERCCZYN71G8CLFHAW2M2LJ5OPW","AMZ59DGY7I2ZI","Submitted","Sun Apr 28 13:33:23 PDT 2019","Sun Apr 28 13:36:31 PDT 2019","Wed May 01 13:36:31 PDT 2019","","","","188","100% (44/44)","100% (44/44)","0% (0/0)","DIVING BOARD (Falling Up)","You’ve been up on that diving board","diving","board","dive","Funny","Won't you take a dive?","You've been on that diving board since dawn","and it's 11:35."
"3UQVX1UPFSWNJ8HTRUZLM5M2U2W20M","3EP32X4638KBVFEC0QB87T4462NH1N","Write a short poem","Write a short poem","Poetry, poem, mood, keywords, text","$0.01","Sun Apr 28 13:14:47 PDT 2019","3","BatchId:3623649;OriginalHitTemplateId:920937340;","3600","259200","Sun May 05 13:14:47 PDT 2019","","","3GNCZX450J2IZCEBBWCSV72XW28PA5","A31NU7MLMSE2YD","Submitted","Sun Apr 28 15:34:44 PDT 2019","Sun Apr 28 15:36:04 PDT 2019","Wed May 01 15:36:04 PDT 2019","","","","80","0% (0/0)","0% (0/0)","0% (0/0)","DIVING BOARD (Falling Up)","You’ve been up on that diving board","diving","board","dive","Funny","Looking to take a sharp dive","And if you knew what all this was truly for","You would have taken the slide"
"3UQVX1UPFSWNJ8HTRUZLM5M2U2W20M","3EP32X4638KBVFEC0QB87T4462NH1N","Write a short poem","Write a short poem","Poetry, poem, mood, keywords, text","$0.01","Sun Apr 28 13:14:47 PDT 2019","3","BatchId:3623649;OriginalHitTemplateId:920937340;","3600","259200","Sun May 05 13:14:47 PDT 2019","","","3XUHV3NRVLDTGP46XND6ENKKIXXH5M","A1ZUMDIFIZNMF0","Submitted","Sun Apr 28 15:38:52 PDT 2019","Sun Apr 28 15:42:53 PDT 2019","Wed May 01 15:42:53 PDT 2019","","","","241","0% (0/0)","0% (0/0)","0% (0/0)","DIVING BOARD (Falling Up)","You’ve been up on that diving board","diving","board","dive","Funny","You've been trying to learn how to use it.","You've tried it all, eve tried asking the Lord.","If you don't learn soon, you're going to lose it."
"3APP19WN71T8CDBFSY0RXAQUHON6GA","3EP32X4638KBVFEC0QB87T4462NH1N","Write a short poem","Write a short poem","Poetry, poem, mood, keywords, text","$0.01","Sun Apr 28 13:14:47 PDT 2019","3","BatchId:3623649;OriginalHitTemplateId:920937340;","3600","259200","Sun May 05 13:14:47 PDT 2019","","","3HPZF4IVNN80153AMX42ETLX0AVYC9","A2T1QZ38QPDA3Z","Submitted","Sun Apr 28 14:49:35 PDT 2019","Sun Apr 28 14:51:36 PDT 2019","Wed May 01 14:51:36 PDT 2019","","","","121","0% (0/0)","0% (0/0)","0% (0/0)","HAPPY ENDING? (Every Thing On It)","There are no happy endings.","endings","start","happy","Neutral","Only happy at the start.","There can't be happy endings,","Most endings will break your heart."
"3APP19WN71T8CDBFSY0RXAQUHON6GA","3EP32X4638KBVFEC0QB87T4462NH1N","Write a short poem","Write a short poem","Poetry, poem, mood, keywords, text","$0.01","Sun Apr 28 13:14:47 PDT 2019","3","BatchId:3623649;OriginalHitTemplateId:920937340;","3600","259200","Sun May 05 13:14:47 PDT 2019","","","3OLF68YTNAG68ZPHXTGNJDOTUWMAFO","A1ZUMDIFIZNMF0","Submitted","Sun Apr 28 15:56:22 PDT 2019","Sun Apr 28 15:58:36 PDT 2019","Wed May 01 15:58:36 PDT 2019","","","","134","0% (0/0)","0% (0/0)","0% (0/0)","HAPPY ENDING? (Every Thing On It)","There are no happy endings.","endings","start","happy","Neutral","Life is one big continuous dream.","It provides you a lot of vendings.","But be careful, because nothing is as it seems."
"3APP19WN71T8CDBFSY0RXAQUHON6GA","3EP32X4638KBVFEC0QB87T4462NH1N","Write a short poem","Write a short poem","Poetry, poem, mood, keywords, text","$0.01","Sun Apr 28 13:14:47 PDT 2019","3","BatchId:3623649;OriginalHitTemplateId:920937340;","3600","259200","Sun May 05 13:14:47 PDT 2019","","","3PJ71Z61R5H1D1L4YON2YG9FN4E19S","A3GQ3N00IBM717","Submitted","Sun Apr 28 13:34:20 PDT 2019","Sun Apr 28 13:36:35 PDT 2019","Wed May 01 13:36:35 PDT 2019","","","","135","0% (0/0)","0% (0/0)","0% (0/0)","HAPPY ENDING? (Every Thing On It)","There are no happy endings.","endings","start","happy","Neutral","To start, admit this is so","But only complex blendings","Of happy and sad we know."
"32FESTC2NH5GXCLBMU2BNPJVMICUCP","3EP32X4638KBVFEC0QB87T4462NH1N","Write a short poem","Write a short poem","Poetry, poem, mood, keywords, text","$0.01","Sun Apr 28 13:14:47 PDT 2019","3","BatchId:3623649;OriginalHitTemplateId:920937340;","3600","259200","Sun May 05 13:14:47 PDT 2019","","","39LOEL67OTKX9ZG9G0V7MDT11IP83H","A1EO8DYSSEB3XJ","Submitted","Sun Apr 28 20:54:57 PDT 2019","Sun Apr 28 20:57:51 PDT 2019","Wed May 01 20:57:51 PDT 2019","","","","174","0% (0/0)","0% (0/0)","0% (0/0)","YEARS FROM NOW (Every Thing On It)","Although I cannot see your face","smile","face","laughing","Happy","I know a special smile is there,","I hear the laughing in your voice,","It reminds me how much you care."
"32FESTC2NH5GXCLBMU2BNPJVMICUCP","3EP32X4638KBVFEC0QB87T4462NH1N","Write a short poem","Write a short poem","Poetry, poem, mood, keywords, text","$0.01","Sun Apr 28 13:14:47 PDT 2019","3","BatchId:3623649;OriginalHitTemplateId:920937340;","3600","259200","Sun May 05 13:14:47 PDT 2019","","","3QJOXOW4XK6F4MYAZLMMAMYTCC2ME8","A3AAC42XHLJPKM","Submitted","Sun Apr 28 20:09:40 PDT 2019","Sun Apr 28 20:10:31 PDT 2019","Wed May 01 20:10:31 PDT 2019","","","","51","0% (0/0)","0% (0/0)","0% (0/0)","YEARS FROM NOW (Every Thing On It)","Although I cannot see your face","smile","face","laughing","Happy","As you flip these poems awhile","Somewhere from some far-off place","I hear you laughing--and I smile."
"32FESTC2NH5GXCLBMU2BNPJVMICUCP","3EP32X4638KBVFEC0QB87T4462NH1N","Write a short poem","Write a short poem","Poetry, poem, mood, keywords, text","$0.01","Sun Apr 28 13:14:47 PDT 2019","3","BatchId:3623649;OriginalHitTemplateId:920937340;","3600","259200","Sun May 05 13:14:47 PDT 2019","","","3VD82FOHKR3O7RZ8GAV4C2NVM07OCZ","AESDF6FE5HPJ0","Submitted","Sun Apr 28 22:06:39 PDT 2019","Sun Apr 28 22:09:05 PDT 2019","Wed May 01 22:09:05 PDT 2019","","","","146","0% (0/0)","0% (0/0)","0% (0/0)","YEARS FROM NOW (Every Thing On It)","Although I cannot see your face","smile","face","laughing","Happy","I feel the lines in your smile.","I know you're full of grace,","And laughing every mile."