"HITId","HITTypeId","Title","Description","Keywords","Reward","CreationTime","MaxAssignments","RequesterAnnotation","AssignmentDurationInSeconds","AutoApprovalDelayInSeconds","Expiration","NumberOfSimilarHITs","LifetimeInSeconds","AssignmentId","WorkerId","AssignmentStatus","AcceptTime","SubmitTime","AutoApprovalTime","ApprovalTime","RejectionTime","RequesterFeedback","WorkTimeInSeconds","LifetimeApprovalRate","Last30DaysApprovalRate","Last7DaysApprovalRate","Input.Title","Input.first_line","Input.keyword1","Input.keyword2","Input.keyword3","Input.mood","Answer.line1","Answer.line2","Answer.line3","Approve","Reject"
"3CO05SML7VAKK32R472RDH6QNCX0RC","3BRS3IGD6F05P371W1WHH81LAXOTRL","Writing Poetry!","Write a short (3 line) poem","Poetry, poem, mood, keywords, text","$0.01","Thu Apr 18 12:26:46 PDT 2019","3","BatchId:234712;OriginalHitTemplateId:920937243;","3600","259200","Thu Apr 25 12:26:46 PDT 2019","","","36ZN444YTS3VG5PL67FUDAWX4ULOI5","APICU54PD3JZF","Approved","Tue Apr 23 05:06:32 PDT 2019","Tue Apr 23 05:08:45 PDT 2019","Fri Apr 26 05:08:45 PDT 2019","2019-04-26 12:09:07 UTC","","","133","100% (22/22)","100% (22/22)","100% (22/22)","INVITATION (Where the Sidewalk Ends)","If you are a dreamer, come in,","dreamer","story","invitation","Happy","your invitation awaits","to join the party bin,","the story is in the fates"
"3CO05SML7VAKK32R472RDH6QNCX0RC","3BRS3IGD6F05P371W1WHH81LAXOTRL","Writing Poetry!","Write a short (3 line) poem","Poetry, poem, mood, keywords, text","$0.01","Thu Apr 18 12:26:46 PDT 2019","3","BatchId:234712;OriginalHitTemplateId:920937243;","3600","259200","Thu Apr 25 12:26:46 PDT 2019","","","3QEMNNSB2Y47NOH0X7XHBRUPM077D0","ALPWT2JWPLXA1","Approved","Tue Apr 23 20:52:50 PDT 2019","Tue Apr 23 20:53:19 PDT 2019","Fri Apr 26 20:53:19 PDT 2019","","","","29","100% (64/64)","100% (64/64)","100% (64/64)","INVITATION (Where the Sidewalk Ends)","If you are a dreamer, come in,","dreamer","story","invitation","Happy","I invite you to hear stories","About tigers flying into the boundless sky","This is chicken soup for the soul"
"3CO05SML7VAKK32R472RDH6QNCX0RC","3BRS3IGD6F05P371W1WHH81LAXOTRL","Writing Poetry!","Write a short (3 line) poem","Poetry, poem, mood, keywords, text","$0.01","Thu Apr 18 12:26:46 PDT 2019","3","BatchId:234712;OriginalHitTemplateId:920937243;","3600","259200","Thu Apr 25 12:26:46 PDT 2019","","","3R9WASFE20LN5I1278KQQBQ9866FZH","AHJ6UEG2YC0Q3","Approved","Wed Apr 24 18:32:25 PDT 2019","Wed Apr 24 18:33:09 PDT 2019","Sat Apr 27 18:33:09 PDT 2019","","","","44","100% (24/24)","100% (24/24)","100% (24/24)","INVITATION (Where the Sidewalk Ends)","If you are a dreamer, come in,","dreamer","story","invitation","Happy","with an invitation to my world","be a dreamer with me","and we can make stories"
"31MCUE39BKRPC5SA7JQYGBQQOF63GE","3BRS3IGD6F05P371W1WHH81LAXOTRL","Writing Poetry!","Write a short (3 line) poem","Poetry, poem, mood, keywords, text","$0.01","Thu Apr 18 12:26:46 PDT 2019","3","BatchId:234712;OriginalHitTemplateId:920937243;","3600","259200","Thu Apr 25 12:26:46 PDT 2019","","","3CFJTT4SXUVOVZXMPLYS2OA2E5P7IC","A2Y5XC6F1BYXS3","Approved","Thu Apr 25 09:39:26 PDT 2019","Thu Apr 25 09:39:59 PDT 2019","Sun Apr 28 09:39:59 PDT 2019","","","","33","100% (63/63)","100% (63/63)","100% (63/63)","HOW MANY, HOW MUCH (A Light in the Attic)","How many slams in an old screen door?","friend","love","door","Happy","the same as the number of friends","bringing in love","through the old screen door."
"31MCUE39BKRPC5SA7JQYGBQQOF63GE","3BRS3IGD6F05P371W1WHH81LAXOTRL","Writing Poetry!","Write a short (3 line) poem","Poetry, poem, mood, keywords, text","$0.01","Thu Apr 18 12:26:46 PDT 2019","3","BatchId:234712;OriginalHitTemplateId:920937243;","3600","259200","Thu Apr 25 12:26:46 PDT 2019","","","3EG49X351VH2HU8C5XT1ZKXL77O6XR","A31BYUGRYXVLJL","Approved","Sun Apr 21 09:55:00 PDT 2019","Sun Apr 21 09:55:54 PDT 2019","Wed Apr 24 09:55:54 PDT 2019","2019-04-24 16:56:07 UTC","","","54","100% (29/29)","100% (29/29)","100% (29/29)","HOW MANY, HOW MUCH (A Light in the Attic)","How many slams in an old screen door?","friend","love","door","Happy","How many friends in a clique?","How much love in a family?","For me, its immeasurable"
"31MCUE39BKRPC5SA7JQYGBQQOF63GE","3BRS3IGD6F05P371W1WHH81LAXOTRL","Writing Poetry!","Write a short (3 line) poem","Poetry, poem, mood, keywords, text","$0.01","Thu Apr 18 12:26:46 PDT 2019","3","BatchId:234712;OriginalHitTemplateId:920937243;","3600","259200","Thu Apr 25 12:26:46 PDT 2019","","","3Z2R0DQ0JIJ5TTYUNQR6LIV2BWKE2I","A30VAVBAUXE301","Approved","Tue Apr 23 12:17:46 PDT 2019","Tue Apr 23 12:19:29 PDT 2019","Fri Apr 26 12:19:29 PDT 2019","2019-04-26 19:20:07 UTC","","","103","100% (44/44)","100% (44/44)","100% (44/44)","HOW MANY, HOW MUCH (A Light in the Attic)","How many slams in an old screen door?","friend","love","door","Happy","A friend slams into an old screen door","A love slams into an old screen door","The door opens and lets them into your heart"
"3YKP7CX6G2KBM7LMT91ASHB9D407B6","3BRS3IGD6F05P371W1WHH81LAXOTRL","Writing Poetry!","Write a short (3 line) poem","Poetry, poem, mood, keywords, text","$0.01","Thu Apr 18 12:26:46 PDT 2019","3","BatchId:234712;OriginalHitTemplateId:920937243;","3600","259200","Thu Apr 25 12:26:46 PDT 2019","","","3AAPLD8UCDMBX2J9W6J878153PQHTU","A3CHZTDYHQVADE","Approved","Tue Apr 23 18:56:40 PDT 2019","Tue Apr 23 18:58:52 PDT 2019","Fri Apr 26 18:58:52 PDT 2019","2019-04-27 01:59:07 UTC","","","132","100% (34/34)","100% (34/34)","100% (34/34)","LISTEN TO THE MUSTN’TS (Where the Sidewalk Ends)","Listen to the MUSTN’TS, child,","anything","child","shouldn'ts","Happy","These laws you must obey","Listen to the Shouldnts, child,","These laws were meant to break"
"3YKP7CX6G2KBM7LMT91ASHB9D407B6","3BRS3IGD6F05P371W1WHH81LAXOTRL","Writing Poetry!","Write a short (3 line) poem","Poetry, poem, mood, keywords, text","$0.01","Thu Apr 18 12:26:46 PDT 2019","3","BatchId:234712;OriginalHitTemplateId:920937243;","3600","259200","Thu Apr 25 12:26:46 PDT 2019","","","3X73LLYYQ2JD2PEPZAXWY9VDE74NHZ","A2DIGKVLJWN955","Approved","Tue Apr 23 19:25:18 PDT 2019","Tue Apr 23 19:26:05 PDT 2019","Fri Apr 26 19:26:05 PDT 2019","2019-04-27 02:26:07 UTC","","","47","100% (43/43)","100% (43/43)","100% (43/43)","LISTEN TO THE MUSTN’TS (Where the Sidewalk Ends)","Listen to the MUSTN’TS, child,","anything","child","shouldn'ts","Happy","listen to the shouldn'ts child,","anything can be","the world is your oyster"
"3YKP7CX6G2KBM7LMT91ASHB9D407B6","3BRS3IGD6F05P371W1WHH81LAXOTRL","Writing Poetry!","Write a short (3 line) poem","Poetry, poem, mood, keywords, text","$0.01","Thu Apr 18 12:26:46 PDT 2019","3","BatchId:234712;OriginalHitTemplateId:920937243;","3600","259200","Thu Apr 25 12:26:46 PDT 2019","","","3Z4XG4ZF49WPL8R0YCQZJYTCD2LX8B","APICU54PD3JZF","Approved","Tue Apr 23 05:10:04 PDT 2019","Tue Apr 23 05:11:17 PDT 2019","Fri Apr 26 05:11:17 PDT 2019","2019-04-26 12:12:07 UTC","","","73","100% (22/22)","100% (22/22)","100% (22/22)","LISTEN TO THE MUSTN’TS (Where the Sidewalk Ends)","Listen to the MUSTN’TS, child,","anything","child","shouldn'ts","Happy","Adhere to the SHOULDN'TS, child","If you do these, child","You can do anything"
"3KQC8JMJGCX3C1NLRP8G1B2R3FJ3HD","3BRS3IGD6F05P371W1WHH81LAXOTRL","Writing Poetry!","Write a short (3 line) poem","Poetry, poem, mood, keywords, text","$0.01","Thu Apr 18 12:26:46 PDT 2019","3","BatchId:234712;OriginalHitTemplateId:920937243;","3600","259200","Thu Apr 25 12:26:46 PDT 2019","","","3P4RDNWND6BHFUYOQUNP5EFB50IJIO","AHJ6UEG2YC0Q3","Approved","Wed Apr 24 10:21:53 PDT 2019","Wed Apr 24 10:22:55 PDT 2019","Sat Apr 27 10:22:55 PDT 2019","","","","62","100% (24/24)","100% (24/24)","100% (24/24)","MASKS (Every Thing On It)","She had blue skin.","skin","hid","passed","Sad","so she is afraid to show it","she wants to hide from the world","so she stays at home"
"3KQC8JMJGCX3C1NLRP8G1B2R3FJ3HD","3BRS3IGD6F05P371W1WHH81LAXOTRL","Writing Poetry!","Write a short (3 line) poem","Poetry, poem, mood, keywords, text","$0.01","Thu Apr 18 12:26:46 PDT 2019","3","BatchId:234712;OriginalHitTemplateId:920937243;","3600","259200","Thu Apr 25 12:26:46 PDT 2019","","","3TE3O85731DU2X3Z9WB6KPULQL8R26","APICU54PD3JZF","Approved","Tue Apr 23 05:14:02 PDT 2019","Tue Apr 23 05:14:47 PDT 2019","Fri Apr 26 05:14:47 PDT 2019","2019-04-26 12:15:07 UTC","","","45","100% (22/22)","100% (22/22)","100% (22/22)","MASKS (Every Thing On It)","She had blue skin.","skin","hid","passed","Sad","She hid in the stairs.","She never made friends.","Because of her blue skin."
"3KQC8JMJGCX3C1NLRP8G1B2R3FJ3HD","3BRS3IGD6F05P371W1WHH81LAXOTRL","Writing Poetry!","Write a short (3 line) poem","Poetry, poem, mood, keywords, text","$0.01","Thu Apr 18 12:26:46 PDT 2019","3","BatchId:234712;OriginalHitTemplateId:920937243;","3600","259200","Thu Apr 25 12:26:46 PDT 2019","","","3VHP9MDGROPAXPQSFU0IFDPOZOGFCE","ALPWT2JWPLXA1","Approved","Wed Apr 24 06:33:30 PDT 2019","Wed Apr 24 06:34:12 PDT 2019","Sat Apr 27 06:34:12 PDT 2019","","","","42","100% (64/64)","100% (64/64)","100% (64/64)","MASKS (Every Thing On It)","She had blue skin.","skin","hid","passed","Sad","She hid it","And passed by","All who would have loved her anyway."
"3OQQD2WO8IB38WY5X7Q11N363SY3I6","3BRS3IGD6F05P371W1WHH81LAXOTRL","Writing Poetry!","Write a short (3 line) poem","Poetry, poem, mood, keywords, text","$0.01","Thu Apr 18 12:26:46 PDT 2019","3","BatchId:234712;OriginalHitTemplateId:920937243;","3600","259200","Thu Apr 25 12:26:46 PDT 2019","","","37FMASSAYDWBXB0C22A87QWYXVVBIH","A31BYUGRYXVLJL","Approved","Sun Apr 21 09:56:01 PDT 2019","Sun Apr 21 09:57:22 PDT 2019","Wed Apr 24 09:57:22 PDT 2019","2019-04-24 16:58:07 UTC","","","81","100% (29/29)","100% (29/29)","100% (29/29)","PANCAKE? (Where the Sidewalk Ends)","Who wants a pancake,","pancake","griddle","swet","Funny","sizzling on the griddle?","Chocolate chips melting, dark and sweet","Darn, I burnt my pancake"
"3OQQD2WO8IB38WY5X7Q11N363SY3I6","3BRS3IGD6F05P371W1WHH81LAXOTRL","Writing Poetry!","Write a short (3 line) poem","Poetry, poem, mood, keywords, text","$0.01","Thu Apr 18 12:26:46 PDT 2019","3","BatchId:234712;OriginalHitTemplateId:920937243;","3600","259200","Thu Apr 25 12:26:46 PDT 2019","","","3C44YUNSI2UWTUL0TTRYBDLAMUDDPD","ALPWT2JWPLXA1","Approved","Tue Apr 23 20:59:08 PDT 2019","Tue Apr 23 21:00:34 PDT 2019","Fri Apr 26 21:00:34 PDT 2019","","","","86","100% (64/64)","100% (64/64)","100% (64/64)","PANCAKE? (Where the Sidewalk Ends)","Who wants a pancake,","pancake","griddle","swet","Funny","They're fresh off the griddle!","Yet I know it's no riddle","why nobody wants any. I didn't pass health inspections."
"3OQQD2WO8IB38WY5X7Q11N363SY3I6","3BRS3IGD6F05P371W1WHH81LAXOTRL","Writing Poetry!","Write a short (3 line) poem","Poetry, poem, mood, keywords, text","$0.01","Thu Apr 18 12:26:46 PDT 2019","3","BatchId:234712;OriginalHitTemplateId:920937243;","3600","259200","Thu Apr 25 12:26:46 PDT 2019","","","3S4AW7T80CNT2DN98QXYRSIK47PL4G","AHJ6UEG2YC0Q3","Approved","Wed Apr 24 18:31:25 PDT 2019","Wed Apr 24 18:32:25 PDT 2019","Sat Apr 27 18:32:25 PDT 2019","","","","60","100% (24/24)","100% (24/24)","100% (24/24)","PANCAKE? (Where the Sidewalk Ends)","Who wants a pancake,","pancake","griddle","swet","Funny","that is fresh from the griddle","fresh and wet","so its not a pancake?"
"3CKVGCS3PGAWLI24JW2W3RBM9EG0S0","3BRS3IGD6F05P371W1WHH81LAXOTRL","Writing Poetry!","Write a short (3 line) poem","Poetry, poem, mood, keywords, text","$0.01","Thu Apr 18 12:26:46 PDT 2019","3","BatchId:234712;OriginalHitTemplateId:920937243;","3600","259200","Thu Apr 25 12:26:46 PDT 2019","","","3B2X28YI3XKV4R5B011JAN6TO40B6N","A31BYUGRYXVLJL","Approved","Sun Apr 21 09:50:05 PDT 2019","Sun Apr 21 09:51:00 PDT 2019","Wed Apr 24 09:51:00 PDT 2019","2019-04-24 16:51:07 UTC","","","55","100% (29/29)","100% (29/29)","100% (29/29)","SNOWBALL (Falling Up)","I made myself a snowball","snowball","pajamas","sleep","Funny","I made it in pajamas","But then I got too tired","and fell asleep in the snow"
"3CKVGCS3PGAWLI24JW2W3RBM9EG0S0","3BRS3IGD6F05P371W1WHH81LAXOTRL","Writing Poetry!","Write a short (3 line) poem","Poetry, poem, mood, keywords, text","$0.01","Thu Apr 18 12:26:46 PDT 2019","3","BatchId:234712;OriginalHitTemplateId:920937243;","3600","259200","Thu Apr 25 12:26:46 PDT 2019","","","3GGAI1SQEW3G3ZI91H4VA39XWPPMCP","A3CHZTDYHQVADE","Approved","Tue Apr 23 18:59:08 PDT 2019","Tue Apr 23 19:00:27 PDT 2019","Fri Apr 26 19:00:27 PDT 2019","2019-04-27 02:01:07 UTC","","","79","100% (34/34)","100% (34/34)","100% (34/34)","SNOWBALL (Falling Up)","I made myself a snowball","snowball","pajamas","sleep","Funny","And brought it home with me","I lay in bed and feel asleep","And when I woke, it had fled and peed"
"3CKVGCS3PGAWLI24JW2W3RBM9EG0S0","3BRS3IGD6F05P371W1WHH81LAXOTRL","Writing Poetry!","Write a short (3 line) poem","Poetry, poem, mood, keywords, text","$0.01","Thu Apr 18 12:26:46 PDT 2019","3","BatchId:234712;OriginalHitTemplateId:920937243;","3600","259200","Thu Apr 25 12:26:46 PDT 2019","","","3WQ3B2KGE9L0X54EUVP2FRFCGT1B16","AHJ6UEG2YC0Q3","Approved","Wed Apr 24 18:33:54 PDT 2019","Wed Apr 24 18:34:57 PDT 2019","Sat Apr 27 18:34:57 PDT 2019","","","","63","100% (24/24)","100% (24/24)","100% (24/24)","SNOWBALL (Falling Up)","I made myself a snowball","snowball","pajamas","sleep","Funny","i want to keep it as a pet","sitting next to my pajamas","i guess its just a dream from my sleep"
"3O4VWC1GEWBZ37IBFPB1DOI6G7N3JI","3BRS3IGD6F05P371W1WHH81LAXOTRL","Writing Poetry!","Write a short (3 line) poem","Poetry, poem, mood, keywords, text","$0.01","Thu Apr 18 12:26:46 PDT 2019","3","BatchId:234712;OriginalHitTemplateId:920937243;","3600","259200","Thu Apr 25 12:26:46 PDT 2019","","","3HWRJOOET67YYSFSH56CC0869QUSEA","A2Y5XC6F1BYXS3","Approved","Thu Apr 25 09:28:21 PDT 2019","Thu Apr 25 09:29:59 PDT 2019","Sun Apr 28 09:29:59 PDT 2019","","","","98","100% (63/63)","100% (63/63)","100% (63/63)","SOMETHING MISSING (A Light in the Attic)","I remember I put on my socks,","forgot","socks","beautiful","Funny","but then I forgot my own beauty","and i am so beautiful","but then I lost my socks"
"359AP8GAGGPUWCDS79X531HRVP07CD","3BRS3IGD6F05P371W1WHH81LAXOTRL","Writing Poetry!","Write a short (3 line) poem","Poetry, poem, mood, keywords, text","$0.01","Thu Apr 18 12:26:46 PDT 2019","3","BatchId:234712;OriginalHitTemplateId:920937243;","3600","259200","Thu Apr 25 12:26:46 PDT 2019","","","3CN4LGXD5YTD2CU8R5MOL0KGDMN4YL","ALPWT2JWPLXA1","Approved","Tue Apr 23 20:44:32 PDT 2019","Tue Apr 23 20:45:27 PDT 2019","Fri Apr 26 20:45:27 PDT 2019","","","","55","100% (64/64)","100% (64/64)","100% (64/64)","UNDERFACE (Every Thing On It)","Underneath my outside face","face","underneath","sniley","Sad","My smiley, happy, outside face","The face those who care know","There's nothing"
"359AP8GAGGPUWCDS79X531HRVP07CD","3BRS3IGD6F05P371W1WHH81LAXOTRL","Writing Poetry!","Write a short (3 line) poem","Poetry, poem, mood, keywords, text","$0.01","Thu Apr 18 12:26:46 PDT 2019","3","BatchId:234712;OriginalHitTemplateId:920937243;","3600","259200","Thu Apr 25 12:26:46 PDT 2019","","","3GU1KF0O4J63EXNGFX0SGNXAJ90PBH","A2DIGKVLJWN955","Approved","Tue Apr 23 19:24:39 PDT 2019","Tue Apr 23 19:25:03 PDT 2019","Fri Apr 26 19:25:03 PDT 2019","2019-04-27 02:25:07 UTC","","","24","100% (43/43)","100% (43/43)","100% (43/43)","UNDERFACE (Every Thing On It)","Underneath my outside face","face","underneath","sniley","Sad","Lies blood cells","they are sniley","and sad"
"359AP8GAGGPUWCDS79X531HRVP07CD","3BRS3IGD6F05P371W1WHH81LAXOTRL","Writing Poetry!","Write a short (3 line) poem","Poetry, poem, mood, keywords, text","$0.01","Thu Apr 18 12:26:46 PDT 2019","3","BatchId:234712;OriginalHitTemplateId:920937243;","3600","259200","Thu Apr 25 12:26:46 PDT 2019","","","3TMFV4NEP9JAW8MAO7UDHFF54088WM","A31BYUGRYXVLJL","Approved","Sun Apr 21 10:00:24 PDT 2019","Sun Apr 21 10:01:34 PDT 2019","Wed Apr 24 10:01:34 PDT 2019","2019-04-24 17:02:07 UTC","","","70","100% (29/29)","100% (29/29)","100% (29/29)","UNDERFACE (Every Thing On It)","Underneath my outside face","face","underneath","sniley","Sad","I see a sniley","What even is a sniley?","Doesn't matter, I'm too sad to care anyways"
"35O6H0UNLSL2HM5FT8ZUSLGQU3E5JA","3BRS3IGD6F05P371W1WHH81LAXOTRL","Writing Poetry!","Write a short (3 line) poem","Poetry, poem, mood, keywords, text","$0.01","Thu Apr 18 12:26:46 PDT 2019","3","BatchId:234712;OriginalHitTemplateId:920937243;","3600","259200","Thu Apr 25 12:26:46 PDT 2019","","","3JNQLM5FT5RJZZ8M4CEAYDLMKTN2LV","ALPWT2JWPLXA1","Approved","Tue Apr 23 20:50:06 PDT 2019","Tue Apr 23 20:51:23 PDT 2019","Fri Apr 26 20:51:23 PDT 2019","","","","77","100% (64/64)","100% (64/64)","100% (64/64)","I WON’T HATCH (Where the Sidewalk Ends)","Oh I am a chicken who lives in an egg,","chicken","egg","hatch","Sad","Or I would have been, had I hatched","Instead I was cracked at a young age","And put into another mass-produced batch"
"35O6H0UNLSL2HM5FT8ZUSLGQU3E5JA","3BRS3IGD6F05P371W1WHH81LAXOTRL","Writing Poetry!","Write a short (3 line) poem","Poetry, poem, mood, keywords, text","$0.01","Thu Apr 18 12:26:46 PDT 2019","3","BatchId:234712;OriginalHitTemplateId:920937243;","3600","259200","Thu Apr 25 12:26:46 PDT 2019","","","3X0H8UUIT2TSFS1J250IY6F6GUMSWD","APICU54PD3JZF","Approved","Tue Apr 23 05:17:22 PDT 2019","Tue Apr 23 05:17:55 PDT 2019","Fri Apr 26 05:17:55 PDT 2019","2019-04-26 12:18:07 UTC","","","33","100% (22/22)","100% (22/22)","100% (22/22)","I WON’T HATCH (Where the Sidewalk Ends)","Oh I am a chicken who lives in an egg,","chicken","egg","hatch","Sad","When will I ever hatch,","For I am a chicken who lives in an egg,","And I am not a catch."
"35O6H0UNLSL2HM5FT8ZUSLGQU3E5JA","3BRS3IGD6F05P371W1WHH81LAXOTRL","Writing Poetry!","Write a short (3 line) poem","Poetry, poem, mood, keywords, text","$0.01","Thu Apr 18 12:26:46 PDT 2019","3","BatchId:234712;OriginalHitTemplateId:920937243;","3600","259200","Thu Apr 25 12:26:46 PDT 2019","","","3YOH7BII0ACHCKO67MMKLI5ISRAKVH","A2DIGKVLJWN955","Approved","Tue Apr 23 19:26:38 PDT 2019","Tue Apr 23 19:27:06 PDT 2019","Fri Apr 26 19:27:06 PDT 2019","2019-04-27 02:27:07 UTC","","","28","100% (43/43)","100% (43/43)","100% (43/43)","I WON’T HATCH (Where the Sidewalk Ends)","Oh I am a chicken who lives in an egg,","chicken","egg","hatch","Sad","waiting to hatch","I'm scared","I'm really scared"
"35A1YQPVFEL6MBL9BQEUGK1QHOP5IY","3BRS3IGD6F05P371W1WHH81LAXOTRL","Writing Poetry!","Write a short (3 line) poem","Poetry, poem, mood, keywords, text","$0.01","Thu Apr 18 12:26:46 PDT 2019","3","BatchId:234712;OriginalHitTemplateId:920937243;","3600","259200","Thu Apr 25 12:26:46 PDT 2019","","","3JAOYWH7VJ9UZJTLPLTP80T0QZV9LS","A30VAVBAUXE301","Approved","Tue Apr 23 12:26:09 PDT 2019","Tue Apr 23 12:27:00 PDT 2019","Fri Apr 26 12:27:00 PDT 2019","2019-04-26 19:27:07 UTC","","","51","100% (44/44)","100% (44/44)","100% (44/44)","PUT SOMETHING IN (A Light in the Attic)","Draw a crazy picture,","silly","picture","poem","Happy","Write a silly poem,","Or the picture of your life,","Won't have any color"
"35A1YQPVFEL6MBL9BQEUGK1QHOP5IY","3BRS3IGD6F05P371W1WHH81LAXOTRL","Writing Poetry!","Write a short (3 line) poem","Poetry, poem, mood, keywords, text","$0.01","Thu Apr 18 12:26:46 PDT 2019","3","BatchId:234712;OriginalHitTemplateId:920937243;","3600","259200","Thu Apr 25 12:26:46 PDT 2019","","","3Z7EFSHGNAJRXBHDFO64LKPV3TJXCU","A2Y5XC6F1BYXS3","Approved","Thu Apr 25 09:33:43 PDT 2019","Thu Apr 25 09:34:21 PDT 2019","Sun Apr 28 09:34:21 PDT 2019","","","","38","100% (63/63)","100% (63/63)","100% (63/63)","PUT SOMETHING IN (A Light in the Attic)","Draw a crazy picture,","silly","picture","poem","Happy","draw a silly  line","write a wholesome poem","describing the crazy picture"
"329E6HTMSW7UEROTXABDE3IJVWN3KH","3BRS3IGD6F05P371W1WHH81LAXOTRL","Writing Poetry!","Write a short (3 line) poem","Poetry, poem, mood, keywords, text","$0.01","Thu Apr 18 12:26:46 PDT 2019","3","BatchId:234712;OriginalHitTemplateId:920937243;","3600","259200","Thu Apr 25 12:26:46 PDT 2019","","","3OE22WJIGJT3A8X1F1WCLIF8DQQUQR","APICU54PD3JZF","Approved","Tue Apr 23 05:08:48 PDT 2019","Tue Apr 23 05:10:00 PDT 2019","Fri Apr 26 05:10:00 PDT 2019","2019-04-26 12:10:07 UTC","","","72","100% (22/22)","100% (22/22)","100% (22/22)","YESEES AND NOEES (Every Thing On It)","The Yesees said yes to anything","yesees","noees","thinkforyourselfees","Sad","The noees said no to everything","And no one ever would become","The thinkforyourselfees"
"329E6HTMSW7UEROTXABDE3IJVWN3KH","3BRS3IGD6F05P371W1WHH81LAXOTRL","Writing Poetry!","Write a short (3 line) poem","Poetry, poem, mood, keywords, text","$0.01","Thu Apr 18 12:26:46 PDT 2019","3","BatchId:234712;OriginalHitTemplateId:920937243;","3600","259200","Thu Apr 25 12:26:46 PDT 2019","","","3OWEPKL08AHG908DM1BK7W6J0497NI","ALPWT2JWPLXA1","Approved","Tue Apr 23 20:56:52 PDT 2019","Tue Apr 23 20:57:52 PDT 2019","Fri Apr 26 20:57:52 PDT 2019","","","","60","100% (64/64)","100% (64/64)","100% (64/64)","YESEES AND NOEES (Every Thing On It)","The Yesees said yes to anything","yesees","noees","thinkforyourselfees","Sad","The noees said no to.","Their incessant moaning and arguing drove the","thinkforyourselfees away long ago."
"329E6HTMSW7UEROTXABDE3IJVWN3KH","3BRS3IGD6F05P371W1WHH81LAXOTRL","Writing Poetry!","Write a short (3 line) poem","Poetry, poem, mood, keywords, text","$0.01","Thu Apr 18 12:26:46 PDT 2019","3","BatchId:234712;OriginalHitTemplateId:920937243;","3600","259200","Thu Apr 25 12:26:46 PDT 2019","","","3RU7GD8VPPY2VJ4IQJMN6C7ANXWSPV","A2Y5XC6F1BYXS3","Approved","Thu Apr 25 09:30:38 PDT 2019","Thu Apr 25 09:31:32 PDT 2019","Sun Apr 28 09:31:32 PDT 2019","","","","54","100% (63/63)","100% (63/63)","100% (63/63)","YESEES AND NOEES (Every Thing On It)","The Yesees said yes to anything","yesees","noees","thinkforyourselfees","Sad","and the noees says no to anything","and the thinkforyourselfees only think for themselves","but what happens if a yesees asks a noees a yes or no question? Death"
"3PN6H8C9R4VMK6H4E840XY1ZHXIAD7","3BRS3IGD6F05P371W1WHH81LAXOTRL","Writing Poetry!","Write a short (3 line) poem","Poetry, poem, mood, keywords, text","$0.01","Thu Apr 18 12:26:46 PDT 2019","3","BatchId:234712;OriginalHitTemplateId:920937243;","3600","259200","Thu Apr 25 12:26:46 PDT 2019","","","3UJ1CZ6IZIUY29MZ64D9862TWXM5SD","AVR45JLAQN5ZC","Approved","Tue Apr 23 20:33:12 PDT 2019","Tue Apr 23 20:34:33 PDT 2019","Fri Apr 26 20:34:33 PDT 2019","2019-04-27 03:35:07 UTC","","","81","100% (81/81)","100% (81/81)","100% (81/81)","HUG O’WAR (Where the Sidewalk Ends)","I will not play tug o’ war.","giggles","wins","grins","Happy","Everytime we play for wins","Although winning is good for my ego","I'd rather play for giggles and grins"
"3PN6H8C9R4VMK6H4E840XY1ZHXIAD7","3BRS3IGD6F05P371W1WHH81LAXOTRL","Writing Poetry!","Write a short (3 line) poem","Poetry, poem, mood, keywords, text","$0.01","Thu Apr 18 12:26:46 PDT 2019","3","BatchId:234712;OriginalHitTemplateId:920937243;","3600","259200","Thu Apr 25 12:26:46 PDT 2019","","","3VHHR074H4MQL05SAOV5U42UV9B7LI","ALPWT2JWPLXA1","Approved","Wed Apr 24 06:34:51 PDT 2019","Wed Apr 24 06:35:41 PDT 2019","Sat Apr 27 06:35:41 PDT 2019","","","","50","100% (64/64)","100% (64/64)","100% (64/64)","HUG O’WAR (Where the Sidewalk Ends)","I will not play tug o’ war.","giggles","wins","grins","Happy","I am too good; I tug too far.","I giggle and grin at the fact that in","all my time all I've done is win"
"3PN6H8C9R4VMK6H4E840XY1ZHXIAD7","3BRS3IGD6F05P371W1WHH81LAXOTRL","Writing Poetry!","Write a short (3 line) poem","Poetry, poem, mood, keywords, text","$0.01","Thu Apr 18 12:26:46 PDT 2019","3","BatchId:234712;OriginalHitTemplateId:920937243;","3600","259200","Thu Apr 25 12:26:46 PDT 2019","","","3YMTUJH0DTLHLQVEHZZPDJS1YKF4T6","A2Y5XC6F1BYXS3","Approved","Thu Apr 25 09:36:15 PDT 2019","Thu Apr 25 09:37:07 PDT 2019","Sun Apr 28 09:37:07 PDT 2019","","","","52","100% (63/63)","100% (63/63)","100% (63/63)","HUG O’WAR (Where the Sidewalk Ends)","I will not play tug o’ war.","giggles","wins","grins","Happy","i dont like when the other person wins","but if John wins he always grins","and when he giggles, my heart triggles"
"3A520CCNWN5RCCV4A3FK3GJKH9JAE0","3BRS3IGD6F05P371W1WHH81LAXOTRL","Writing Poetry!","Write a short (3 line) poem","Poetry, poem, mood, keywords, text","$0.01","Thu Apr 18 12:26:46 PDT 2019","3","BatchId:234712;OriginalHitTemplateId:920937243;","3600","259200","Thu Apr 25 12:26:46 PDT 2019","","","37QW5D2ZRHRHPR5142KCKQCKYNMS81","A2DIGKVLJWN955","Approved","Tue Apr 23 19:26:18 PDT 2019","Tue Apr 23 19:26:35 PDT 2019","Fri Apr 26 19:26:35 PDT 2019","2019-04-27 02:27:07 UTC","","","17","100% (43/43)","100% (43/43)","100% (43/43)","RIDICULOUS ROSE (Where the Sidewalk Ends)","Her mama said, “Don’t eat with your fingers.”","toes","fingers","rose","Funny","eat with your toes","they are cleaner","than a rose"
"3A520CCNWN5RCCV4A3FK3GJKH9JAE0","3BRS3IGD6F05P371W1WHH81LAXOTRL","Writing Poetry!","Write a short (3 line) poem","Poetry, poem, mood, keywords, text","$0.01","Thu Apr 18 12:26:46 PDT 2019","3","BatchId:234712;OriginalHitTemplateId:920937243;","3600","259200","Thu Apr 25 12:26:46 PDT 2019","","","3DHE4R9OCXG3D7ULTLHULLGEOCB2GZ","A2Y5XC6F1BYXS3","Approved","Thu Apr 25 09:31:32 PDT 2019","Thu Apr 25 09:32:02 PDT 2019","Sun Apr 28 09:32:02 PDT 2019","","","","30","100% (63/63)","100% (63/63)","100% (63/63)","RIDICULOUS ROSE (Where the Sidewalk Ends)","Her mama said, “Don’t eat with your fingers.”","toes","fingers","rose","Funny","but do eat with your toes","for they are much like a rose","fingers like the petals of a rose"
"38F60IALAGMX0IFJ8W7MDW78BXU0TP","3BRS3IGD6F05P371W1WHH81LAXOTRL","Writing Poetry!","Write a short (3 line) poem","Poetry, poem, mood, keywords, text","$0.01","Thu Apr 18 12:26:46 PDT 2019","3","BatchId:234712;OriginalHitTemplateId:920937243;","3600","259200","Thu Apr 25 12:26:46 PDT 2019","","","3JC6VJ2SACOU2D05P4RIN68NARHA5O","ALPWT2JWPLXA1","Approved","Wed Apr 24 06:35:45 PDT 2019","Wed Apr 24 06:36:24 PDT 2019","Sat Apr 27 06:36:24 PDT 2019","","","","39","100% (64/64)","100% (64/64)","100% (64/64)","MONSTERS I’VE MET (A Light in the Attic)","I met a ghost, but he didn’t want my head,","ghost","devil","vampire","Funny","I met a devil, but he didn't want my soul,","I met a vampire, but he didn't want my blood,","But wall street wants all of the above."
"38F60IALAGMX0IFJ8W7MDW78BXU0TP","3BRS3IGD6F05P371W1WHH81LAXOTRL","Writing Poetry!","Write a short (3 line) poem","Poetry, poem, mood, keywords, text","$0.01","Thu Apr 18 12:26:46 PDT 2019","3","BatchId:234712;OriginalHitTemplateId:920937243;","3600","259200","Thu Apr 25 12:26:46 PDT 2019","","","3ND9UOO81L75BF6TIW3HMK1BO02WLR","A1IRH6OXLZZWC8","Approved","Thu Apr 18 15:36:17 PDT 2019","Thu Apr 18 15:36:51 PDT 2019","Sun Apr 21 15:36:51 PDT 2019","2019-04-21 22:37:07 UTC","","","34","63% (5/8)","100% (3/3)","0% (0/0)","MONSTERS I’VE MET (A Light in the Attic)","I met a ghost, but he didn’t want my head,","ghost","devil","vampire","Funny","dry them fast","make sure not to drop them","so we can put out the fishes"
"38F60IALAGMX0IFJ8W7MDW78BXU0TP","3BRS3IGD6F05P371W1WHH81LAXOTRL","Writing Poetry!","Write a short (3 line) poem","Poetry, poem, mood, keywords, text","$0.01","Thu Apr 18 12:26:46 PDT 2019","3","BatchId:234712;OriginalHitTemplateId:920937243;","3600","259200","Thu Apr 25 12:26:46 PDT 2019","","","3Y4W8Q93L0P9YEIWF50XH5AS8I3DVN","A31BYUGRYXVLJL","Approved","Sun Apr 21 09:51:14 PDT 2019","Sun Apr 21 09:52:01 PDT 2019","Wed Apr 24 09:52:01 PDT 2019","2019-04-24 16:52:07 UTC","","","47","100% (29/29)","100% (29/29)","100% (29/29)","MONSTERS I’VE MET (A Light in the Attic)","I met a ghost, but he didn’t want my head,","ghost","devil","vampire","Funny","I met a devil, but he was nice to me","I met a vampire, but he didn't want to bite","I guess I've got good karma"
"37SOB9Z0SS25YX6BIANET3VYKWS3LK","3BRS3IGD6F05P371W1WHH81LAXOTRL","Writing Poetry!","Write a short (3 line) poem","Poetry, poem, mood, keywords, text","$0.01","Thu Apr 18 12:26:46 PDT 2019","3","BatchId:234712;OriginalHitTemplateId:920937243;","3600","259200","Thu Apr 25 12:26:46 PDT 2019","","","3DIP6YHAPDXGF80J3707V985XWEE8N","ALPWT2JWPLXA1","Approved","Tue Apr 23 20:37:34 PDT 2019","Tue Apr 23 20:39:22 PDT 2019","Fri Apr 26 20:39:22 PDT 2019","","","","108","100% (64/64)","100% (64/64)","100% (64/64)","EARLY BIRD (Where the Sidewalk Ends)","Oh, if you’re a bird, be an early bird","bird","worm","early","Funny","When others lie sleeping, be first to stir","Be first to greet the newborn morn","Cause the early bird gets the worm"
"37SOB9Z0SS25YX6BIANET3VYKWS3LK","3BRS3IGD6F05P371W1WHH81LAXOTRL","Writing Poetry!","Write a short (3 line) poem","Poetry, poem, mood, keywords, text","$0.01","Thu Apr 18 12:26:46 PDT 2019","3","BatchId:234712;OriginalHitTemplateId:920937243;","3600","259200","Thu Apr 25 12:26:46 PDT 2019","","","3S4AW7T80CNT2DN98QXYRSIK47E4LO","A3RQWVGJ1E0LLY","Approved","Mon Apr 22 18:30:08 PDT 2019","Mon Apr 22 18:32:36 PDT 2019","Thu Apr 25 18:32:36 PDT 2019","2019-04-26 01:33:07 UTC","","","148","100% (23/23)","100% (23/23)","100% (23/23)","EARLY BIRD (Where the Sidewalk Ends)","Oh, if you’re a bird, be an early bird","bird","worm","early","Funny","The early birds eat best","For all the worms get eaten quick","Then you can get your rest"
"37SOB9Z0SS25YX6BIANET3VYKWS3LK","3BRS3IGD6F05P371W1WHH81LAXOTRL","Writing Poetry!","Write a short (3 line) poem","Poetry, poem, mood, keywords, text","$0.01","Thu Apr 18 12:26:46 PDT 2019","3","BatchId:234712;OriginalHitTemplateId:920937243;","3600","259200","Thu Apr 25 12:26:46 PDT 2019","","","3X3OR7WPZ05ULEABKTNB84YP6TL8LA","AHJ6UEG2YC0Q3","Approved","Wed Apr 24 18:36:22 PDT 2019","Wed Apr 24 18:37:02 PDT 2019","Sat Apr 27 18:37:02 PDT 2019","","","","40","100% (24/24)","100% (24/24)","100% (24/24)","EARLY BIRD (Where the Sidewalk Ends)","Oh, if you’re a bird, be an early bird","bird","worm","early","Funny","you got all the good worms","but why do you want to be an early bird","when you have other things to eat"
"3JTPR5MTZSHXS6BXBTZ6T0G39SE5K9","3BRS3IGD6F05P371W1WHH81LAXOTRL","Writing Poetry!","Write a short (3 line) poem","Poetry, poem, mood, keywords, text","$0.01","Thu Apr 18 12:26:47 PDT 2019","3","BatchId:234712;OriginalHitTemplateId:920937243;","3600","259200","Thu Apr 25 12:26:47 PDT 2019","","","3EFVCAY5L4EOQOMBH8BYSPLX24G8J8","AHJ6UEG2YC0Q3","Approved","Wed Apr 24 18:34:57 PDT 2019","Wed Apr 24 18:35:37 PDT 2019","Sat Apr 27 18:35:37 PDT 2019","","","","40","100% (24/24)","100% (24/24)","100% (24/24)","JAKE SAYS (Every Thing On It)","Yes, I'm adopted.","adopted","kids","chose","Happy","i dont get to choose","i mean i dont need to","im just a kid"
"3JTPR5MTZSHXS6BXBTZ6T0G39SE5K9","3BRS3IGD6F05P371W1WHH81LAXOTRL","Writing Poetry!","Write a short (3 line) poem","Poetry, poem, mood, keywords, text","$0.01","Thu Apr 18 12:26:47 PDT 2019","3","BatchId:234712;OriginalHitTemplateId:920937243;","3600","259200","Thu Apr 25 12:26:47 PDT 2019","","","3QEMNNSB2Y47NOH0X7XHBRUPM0H7DA","A2Y5XC6F1BYXS3","Approved","Thu Apr 25 09:37:07 PDT 2019","Thu Apr 25 09:37:45 PDT 2019","Sun Apr 28 09:37:45 PDT 2019","","","","38","100% (63/63)","100% (63/63)","100% (63/63)","JAKE SAYS (Every Thing On It)","Yes, I'm adopted.","adopted","kids","chose","Happy","and yes, I'm a kid.","But my parents chose me.","and that makes adopted kids special!"
"3JTPR5MTZSHXS6BXBTZ6T0G39SE5K9","3BRS3IGD6F05P371W1WHH81LAXOTRL","Writing Poetry!","Write a short (3 line) poem","Poetry, poem, mood, keywords, text","$0.01","Thu Apr 18 12:26:47 PDT 2019","3","BatchId:234712;OriginalHitTemplateId:920937243;","3600","259200","Thu Apr 25 12:26:47 PDT 2019","","","3TAYZSBPLMD63C3COLBBAZZHCNUS2Y","A2DIGKVLJWN955","Approved","Tue Apr 23 19:23:12 PDT 2019","Tue Apr 23 19:23:36 PDT 2019","Fri Apr 26 19:23:36 PDT 2019","2019-04-27 02:24:07 UTC","","","24","100% (43/43)","100% (43/43)","100% (43/43)","JAKE SAYS (Every Thing On It)","Yes, I'm adopted.","adopted","kids","chose","Happy","The other kids know","I'm proud to have been adopted","It means they chose me"
"3UUSLRKAUL8414J675SGN7Z9GPC7DD","3BRS3IGD6F05P371W1WHH81LAXOTRL","Writing Poetry!","Write a short (3 line) poem","Poetry, poem, mood, keywords, text","$0.01","Thu Apr 18 12:26:47 PDT 2019","3","BatchId:234712;OriginalHitTemplateId:920937243;","3600","259200","Thu Apr 25 12:26:47 PDT 2019","","","37UEWGM5HUDNDCL3QSBSF6KGYFUR1P","APICU54PD3JZF","Approved","Tue Apr 23 05:13:30 PDT 2019","Tue Apr 23 05:13:59 PDT 2019","Fri Apr 26 05:13:59 PDT 2019","2019-04-26 12:14:07 UTC","","","29","100% (22/22)","100% (22/22)","100% (22/22)","COLORS (Where the Sidewalk Ends)","My skin is kind of sort of brownish","skin","hair","color","Neutral","My hair is kind of sort of brownish","The color of everything","Is always brownish"
"3UUSLRKAUL8414J675SGN7Z9GPC7DD","3BRS3IGD6F05P371W1WHH81LAXOTRL","Writing Poetry!","Write a short (3 line) poem","Poetry, poem, mood, keywords, text","$0.01","Thu Apr 18 12:26:47 PDT 2019","3","BatchId:234712;OriginalHitTemplateId:920937243;","3600","259200","Thu Apr 25 12:26:47 PDT 2019","","","3B2X28YI3XKV4R5B011JAN6TO46B6T","A3RQWVGJ1E0LLY","Approved","Mon Apr 22 18:26:22 PDT 2019","Mon Apr 22 18:29:58 PDT 2019","Thu Apr 25 18:29:58 PDT 2019","2019-04-26 01:30:07 UTC","","","216","100% (23/23)","100% (23/23)","100% (23/23)","COLORS (Where the Sidewalk Ends)","My skin is kind of sort of brownish","skin","hair","color","Neutral","My hair's electric blue","I'd name another color","But I can only think of two"
"3UUSLRKAUL8414J675SGN7Z9GPC7DD","3BRS3IGD6F05P371W1WHH81LAXOTRL","Writing Poetry!","Write a short (3 line) poem","Poetry, poem, mood, keywords, text","$0.01","Thu Apr 18 12:26:47 PDT 2019","3","BatchId:234712;OriginalHitTemplateId:920937243;","3600","259200","Thu Apr 25 12:26:47 PDT 2019","","","3JC6VJ2SACOU2D05P4RIN68NARD5AF","A30VAVBAUXE301","Approved","Tue Apr 23 12:20:35 PDT 2019","Tue Apr 23 12:22:05 PDT 2019","Fri Apr 26 12:22:05 PDT 2019","2019-04-26 19:22:07 UTC","","","90","100% (44/44)","100% (44/44)","100% (44/44)","COLORS (Where the Sidewalk Ends)","My skin is kind of sort of brownish","skin","hair","color","Neutral","My hair is kind of sort of brownish","My eyes are kind of sort of brownish","My skin color is how people describe me"
"37VUR2VJ6AUGLQYQITGW2RQES30C1L","3BRS3IGD6F05P371W1WHH81LAXOTRL","Writing Poetry!","Write a short (3 line) poem","Poetry, poem, mood, keywords, text","$0.01","Thu Apr 18 12:26:47 PDT 2019","3","BatchId:234712;OriginalHitTemplateId:920937243;","3600","259200","Thu Apr 25 12:26:47 PDT 2019","","","31UV0MXWNRH98VJ31SJV44W6NZK5IL","ALPWT2JWPLXA1","Approved","Tue Apr 23 20:54:32 PDT 2019","Tue Apr 23 20:55:25 PDT 2019","Fri Apr 26 20:55:25 PDT 2019","","","","53","100% (64/64)","100% (64/64)","100% (64/64)","MAGIC (Where the Sidewalk Ends)","Sandra’s seen a leprechaun,","magic","troll","leprechaun","Happy","She's won a life's worth of lucky charms","That green-hatted man visits homeless trolls","Brings bounties fresh baked from the farms"
"37VUR2VJ6AUGLQYQITGW2RQES30C1L","3BRS3IGD6F05P371W1WHH81LAXOTRL","Writing Poetry!","Write a short (3 line) poem","Poetry, poem, mood, keywords, text","$0.01","Thu Apr 18 12:26:47 PDT 2019","3","BatchId:234712;OriginalHitTemplateId:920937243;","3600","259200","Thu Apr 25 12:26:47 PDT 2019","","","3LQ8PUHQFMXLOO3Y2UK4T1ZWS8HIHL","AHJ6UEG2YC0Q3","Approved","Wed Apr 24 18:33:09 PDT 2019","Wed Apr 24 18:33:53 PDT 2019","Sat Apr 27 18:33:53 PDT 2019","","","","44","100% (24/24)","100% (24/24)","100% (24/24)","MAGIC (Where the Sidewalk Ends)","Sandra’s seen a leprechaun,","magic","troll","leprechaun","Happy","that has magic and troll","is it even a leprechaun tho","she doesnt think so"
"37VUR2VJ6AUGLQYQITGW2RQES30C1L","3BRS3IGD6F05P371W1WHH81LAXOTRL","Writing Poetry!","Write a short (3 line) poem","Poetry, poem, mood, keywords, text","$0.01","Thu Apr 18 12:26:47 PDT 2019","3","BatchId:234712;OriginalHitTemplateId:920937243;","3600","259200","Thu Apr 25 12:26:47 PDT 2019","","","3SB4CE2TJW034WKFVAADFPZ73QOXAI","AVR45JLAQN5ZC","Approved","Tue Apr 23 20:31:09 PDT 2019","Tue Apr 23 20:31:51 PDT 2019","Fri Apr 26 20:31:51 PDT 2019","2019-04-27 03:32:07 UTC","","","42","100% (81/81)","100% (81/81)","100% (81/81)","MAGIC (Where the Sidewalk Ends)","Sandra’s seen a leprechaun,","magic","troll","leprechaun","Happy","Or was it a scary troll?","Either way, the fact that magic is real","Just warms me to my soul"
"3TFJJUELSHUNABGM1XGA7A0JK9EC22","3BRS3IGD6F05P371W1WHH81LAXOTRL","Writing Poetry!","Write a short (3 line) poem","Poetry, poem, mood, keywords, text","$0.01","Thu Apr 18 12:26:47 PDT 2019","3","BatchId:234712;OriginalHitTemplateId:920937243;","3600","259200","Thu Apr 25 12:26:47 PDT 2019","","","30OG32W0SVG1IFNN99PQD6Y0MRCENA","A3CHZTDYHQVADE","Approved","Tue Apr 23 18:39:19 PDT 2019","Tue Apr 23 18:41:21 PDT 2019","Fri Apr 26 18:41:21 PDT 2019","2019-04-27 01:42:07 UTC","","","122","100% (34/34)","100% (34/34)","100% (34/34)","LITTLE PIG’S TREAT (Falling Up)","Said the pig to his pop,","pig","candy","pop","Neutral","How about a nice, big, plump, gorgeous, delectable, enticing, sexy piece of candy","The pop replied","How about a nice, big, plump, gorgeous, delectable, enticing, sexy piece of shit"
"3TFJJUELSHUNABGM1XGA7A0JK9EC22","3BRS3IGD6F05P371W1WHH81LAXOTRL","Writing Poetry!","Write a short (3 line) poem","Poetry, poem, mood, keywords, text","$0.01","Thu Apr 18 12:26:47 PDT 2019","3","BatchId:234712;OriginalHitTemplateId:920937243;","3600","259200","Thu Apr 25 12:26:47 PDT 2019","","","34Q075JO1YIZDI14WFSDVAJTPPL10R","A32TTE4XXN6MQZ","Approved","Fri Apr 19 08:01:50 PDT 2019","Fri Apr 19 08:05:48 PDT 2019","Mon Apr 22 08:05:48 PDT 2019","2019-04-22 15:06:07 UTC","","","238","100% (24/24)","100% (24/24)","100% (23/23)","LITTLE PIG’S TREAT (Falling Up)","Said the pig to his pop,","pig","candy","pop","Neutral","can I have some candy?","His pop said to stop","Told him to be handy."
"3TFJJUELSHUNABGM1XGA7A0JK9EC22","3BRS3IGD6F05P371W1WHH81LAXOTRL","Writing Poetry!","Write a short (3 line) poem","Poetry, poem, mood, keywords, text","$0.01","Thu Apr 18 12:26:47 PDT 2019","3","BatchId:234712;OriginalHitTemplateId:920937243;","3600","259200","Thu Apr 25 12:26:47 PDT 2019","","","3EFVCAY5L4EOQOMBH8BYSPLX249J8C","A2DIGKVLJWN955","Approved","Tue Apr 23 19:25:05 PDT 2019","Tue Apr 23 19:25:16 PDT 2019","Fri Apr 26 19:25:16 PDT 2019","2019-04-27 02:26:07 UTC","","","11","100% (43/43)","100% (43/43)","100% (43/43)","LITTLE PIG’S TREAT (Falling Up)","Said the pig to his pop,","pig","candy","pop","Neutral","oink","I want candy","oink"
"3FCO4VKOZ4I9TAX63030TPHUG1D7E6","3BRS3IGD6F05P371W1WHH81LAXOTRL","Writing Poetry!","Write a short (3 line) poem","Poetry, poem, mood, keywords, text","$0.01","Thu Apr 18 12:26:47 PDT 2019","3","BatchId:234712;OriginalHitTemplateId:920937243;","3600","259200","Thu Apr 25 12:26:47 PDT 2019","","","30BUDKLTXE0XSQHH59T4JPYEV6D5EC","ALPWT2JWPLXA1","Approved","Tue Apr 23 20:53:22 PDT 2019","Tue Apr 23 20:53:55 PDT 2019","Fri Apr 26 20:53:55 PDT 2019","","","","33","100% (64/64)","100% (64/64)","100% (64/64)","FALLING UP (Falling Up)","I tripped on my shoelace","tripped","shoelace","sick","Neutral","I don't know if I'm sick","Or if the grass was thick","Or if my shoes are both"
"3FCO4VKOZ4I9TAX63030TPHUG1D7E6","3BRS3IGD6F05P371W1WHH81LAXOTRL","Writing Poetry!","Write a short (3 line) poem","Poetry, poem, mood, keywords, text","$0.01","Thu Apr 18 12:26:47 PDT 2019","3","BatchId:234712;OriginalHitTemplateId:920937243;","3600","259200","Thu Apr 25 12:26:47 PDT 2019","","","38JBBYETQPFFW7DHR4AUEXS0VA7E45","A31BYUGRYXVLJL","Approved","Sun Apr 21 09:54:10 PDT 2019","Sun Apr 21 09:54:49 PDT 2019","Wed Apr 24 09:54:49 PDT 2019","2019-04-24 16:55:07 UTC","","","39","100% (29/29)","100% (29/29)","100% (29/29)","FALLING UP (Falling Up)","I tripped on my shoelace","tripped","shoelace","sick","Neutral","A girl sneezed on my face","My nose starts to tingle","I guess now I'm sick!"
"3FCO4VKOZ4I9TAX63030TPHUG1D7E6","3BRS3IGD6F05P371W1WHH81LAXOTRL","Writing Poetry!","Write a short (3 line) poem","Poetry, poem, mood, keywords, text","$0.01","Thu Apr 18 12:26:47 PDT 2019","3","BatchId:234712;OriginalHitTemplateId:920937243;","3600","259200","Thu Apr 25 12:26:47 PDT 2019","","","3QUO65DNQVT0PWKL0O48WDK8YPLUOW","A2Y5XC6F1BYXS3","Approved","Thu Apr 25 09:34:21 PDT 2019","Thu Apr 25 09:34:42 PDT 2019","Sun Apr 28 09:34:42 PDT 2019","","","","21","100% (63/63)","100% (63/63)","100% (63/63)","FALLING UP (Falling Up)","I tripped on my shoelace","tripped","shoelace","sick","Neutral","and it was sick","but when i tripped","my shoelace when RIP"
"3D4BBDG7ZH1CVTC55XUFQK5BQNEC3D","3BRS3IGD6F05P371W1WHH81LAXOTRL","Writing Poetry!","Write a short (3 line) poem","Poetry, poem, mood, keywords, text","$0.01","Thu Apr 18 12:26:47 PDT 2019","3","BatchId:234712;OriginalHitTemplateId:920937243;","3600","259200","Thu Apr 25 12:26:47 PDT 2019","","","31HQ4X3T3TFC4YPKYRTGPVYQINVSLX","A2Y5XC6F1BYXS3","Approved","Thu Apr 25 09:30:00 PDT 2019","Thu Apr 25 09:30:38 PDT 2019","Sun Apr 28 09:30:38 PDT 2019","","","","38","100% (63/63)","100% (63/63)","100% (63/63)","FISH? (Where the Sidewalk Ends)","The little fish eats the tiny fish,","little","big","fat","Funny","and the big fish eats the little fish","and then the fat fish eats the big fish","and then the fat fish dies"
"3D4BBDG7ZH1CVTC55XUFQK5BQNEC3D","3BRS3IGD6F05P371W1WHH81LAXOTRL","Writing Poetry!","Write a short (3 line) poem","Poetry, poem, mood, keywords, text","$0.01","Thu Apr 18 12:26:47 PDT 2019","3","BatchId:234712;OriginalHitTemplateId:920937243;","3600","259200","Thu Apr 25 12:26:47 PDT 2019","","","3R6BYFZZP8HY0N1N6QW5TQAY06RFX3","A31BYUGRYXVLJL","Approved","Sun Apr 21 09:52:08 PDT 2019","Sun Apr 21 09:52:50 PDT 2019","Wed Apr 24 09:52:50 PDT 2019","2019-04-24 16:53:07 UTC","","","42","100% (29/29)","100% (29/29)","100% (29/29)","FISH? (Where the Sidewalk Ends)","The little fish eats the tiny fish,","little","big","fat","Funny","The big fish eats the little fish","The fat fish eats the skinny fish","I guess you're not what you eat!"
"3D4BBDG7ZH1CVTC55XUFQK5BQNEC3D","3BRS3IGD6F05P371W1WHH81LAXOTRL","Writing Poetry!","Write a short (3 line) poem","Poetry, poem, mood, keywords, text","$0.01","Thu Apr 18 12:26:47 PDT 2019","3","BatchId:234712;OriginalHitTemplateId:920937243;","3600","259200","Thu Apr 25 12:26:47 PDT 2019","","","3WLEIWSYHPMHD3PWDRZC6LSF3CCH21","A30VAVBAUXE301","Approved","Tue Apr 23 12:23:02 PDT 2019","Tue Apr 23 12:24:22 PDT 2019","Fri Apr 26 12:24:22 PDT 2019","2019-04-26 19:25:07 UTC","","","80","100% (44/44)","100% (44/44)","100% (44/44)","FISH? (Where the Sidewalk Ends)","The little fish eats the tiny fish,","little","big","fat","Funny","The big fish eats the tiny fish,","The bigger fish eats the big fish,","The fish is fat"
"3OCZWXS7ZOC8CCTFWTB780TIYSJ5LC","3BRS3IGD6F05P371W1WHH81LAXOTRL","Writing Poetry!","Write a short (3 line) poem","Poetry, poem, mood, keywords, text","$0.01","Thu Apr 18 12:26:47 PDT 2019","3","BatchId:234712;OriginalHitTemplateId:920937243;","3600","259200","Thu Apr 25 12:26:47 PDT 2019","","","3CFVK00FWMQ7H0RNREQDOQ2Y0YP6LG","AVR45JLAQN5ZC","Approved","Tue Apr 23 20:43:03 PDT 2019","Tue Apr 23 20:47:51 PDT 2019","Fri Apr 26 20:47:51 PDT 2019","","","","288","100% (81/81)","100% (81/81)","100% (81/81)","OURCHESTRA (Where the Sidewalk Ends)","So you haven’t got a drum, just beat your belly.","music","belly","instruments","Happy","Flick your chest, hum a tune","Your whole body is a musical instrument","If you don't mind looking like a lune"
"3OCZWXS7ZOC8CCTFWTB780TIYSJ5LC","3BRS3IGD6F05P371W1WHH81LAXOTRL","Writing Poetry!","Write a short (3 line) poem","Poetry, poem, mood, keywords, text","$0.01","Thu Apr 18 12:26:47 PDT 2019","3","BatchId:234712;OriginalHitTemplateId:920937243;","3600","259200","Thu Apr 25 12:26:47 PDT 2019","","","3EICBYG6451Q2RCOYKR3UBHGSVUJCI","A2DIGKVLJWN955","Approved","Tue Apr 23 19:27:27 PDT 2019","Tue Apr 23 19:27:44 PDT 2019","Fri Apr 26 19:27:44 PDT 2019","2019-04-27 02:28:07 UTC","","","17","100% (43/43)","100% (43/43)","100% (43/43)","OURCHESTRA (Where the Sidewalk Ends)","So you haven’t got a drum, just beat your belly.","music","belly","instruments","Happy","it's music no less","made of air","it's an instrument"
"3OCZWXS7ZOC8CCTFWTB780TIYSJ5LC","3BRS3IGD6F05P371W1WHH81LAXOTRL","Writing Poetry!","Write a short (3 line) poem","Poetry, poem, mood, keywords, text","$0.01","Thu Apr 18 12:26:47 PDT 2019","3","BatchId:234712;OriginalHitTemplateId:920937243;","3600","259200","Thu Apr 25 12:26:47 PDT 2019","","","3YMU66OBIOD7SXX3C6K18PMGDVHHGK","A30VAVBAUXE301","Approved","Tue Apr 23 12:28:45 PDT 2019","Tue Apr 23 12:29:48 PDT 2019","Fri Apr 26 12:29:48 PDT 2019","2019-04-26 19:30:07 UTC","","","63","100% (44/44)","100% (44/44)","100% (44/44)","OURCHESTRA (Where the Sidewalk Ends)","So you haven’t got a drum, just beat your belly.","music","belly","instruments","Happy","Who needs instruments","When you have a body","Make that belly music boom"
"3X878VYTIEN1ZOX2YBN6B72US2S7FO","3BRS3IGD6F05P371W1WHH81LAXOTRL","Writing Poetry!","Write a short (3 line) poem","Poetry, poem, mood, keywords, text","$0.01","Thu Apr 18 12:26:47 PDT 2019","3","BatchId:234712;OriginalHitTemplateId:920937243;","3600","259200","Thu Apr 25 12:26:47 PDT 2019","","","3OE22WJIGJT3A8X1F1WCLIF8DQ3UQ4","A2Y5XC6F1BYXS3","Approved","Thu Apr 25 09:35:24 PDT 2019","Thu Apr 25 09:35:49 PDT 2019","Sun Apr 28 09:35:49 PDT 2019","","","","25","100% (63/63)","100% (63/63)","100% (63/63)","MORGAN’S CURSE (Falling Up)","Followin’ the trail on the old treasure map,","curse","pirate","treasure","Sad","I was cursed","shot by a pirate","and didn't get the treasure"
"3X878VYTIEN1ZOX2YBN6B72US2S7FO","3BRS3IGD6F05P371W1WHH81LAXOTRL","Writing Poetry!","Write a short (3 line) poem","Poetry, poem, mood, keywords, text","$0.01","Thu Apr 18 12:26:47 PDT 2019","3","BatchId:234712;OriginalHitTemplateId:920937243;","3600","259200","Thu Apr 25 12:26:47 PDT 2019","","","3VHP9MDGROPAXPQSFU0IFDPOZOEFCC","ALPWT2JWPLXA1","Approved","Tue Apr 23 20:51:32 PDT 2019","Tue Apr 23 20:52:45 PDT 2019","Fri Apr 26 20:52:45 PDT 2019","","","","73","100% (64/64)","100% (64/64)","100% (64/64)","MORGAN’S CURSE (Falling Up)","Followin’ the trail on the old treasure map,","curse","pirate","treasure","Sad","I curse cthulu for eating my past","My wife has forgotten who I am","I must reclaim her memories fast"
"3TRB893CSJF7DOTX9VTOTS26THS7GN","3BRS3IGD6F05P371W1WHH81LAXOTRL","Writing Poetry!","Write a short (3 line) poem","Poetry, poem, mood, keywords, text","$0.01","Thu Apr 18 12:26:47 PDT 2019","3","BatchId:234712;OriginalHitTemplateId:920937243;","3600","259200","Thu Apr 25 12:26:47 PDT 2019","","","33IZTU6J82674S69CAW40PTDPWOSX2","A32TTE4XXN6MQZ","Approved","Mon Apr 22 06:03:21 PDT 2019","Mon Apr 22 06:06:55 PDT 2019","Thu Apr 25 06:06:55 PDT 2019","2019-04-25 13:07:07 UTC","","","214","100% (24/24)","100% (24/24)","100% (23/23)","THE EDGE OF THE WORLD (Where the Sidewalk Ends)","Columbus said the world is round?","world","edge","flat","Happy","Off he sailed til he found","far out there's an edge","his boat went over, now he's dead"
"3TRB893CSJF7DOTX9VTOTS26THS7GN","3BRS3IGD6F05P371W1WHH81LAXOTRL","Writing Poetry!","Write a short (3 line) poem","Poetry, poem, mood, keywords, text","$0.01","Thu Apr 18 12:26:47 PDT 2019","3","BatchId:234712;OriginalHitTemplateId:920937243;","3600","259200","Thu Apr 25 12:26:47 PDT 2019","","","379J5II41PLBUFK2XW9B0EUBHWBEL7","A30VAVBAUXE301","Approved","Tue Apr 23 12:24:23 PDT 2019","Tue Apr 23 12:25:16 PDT 2019","Fri Apr 26 12:25:16 PDT 2019","2019-04-26 19:26:07 UTC","","","53","100% (44/44)","100% (44/44)","100% (44/44)","THE EDGE OF THE WORLD (Where the Sidewalk Ends)","Columbus said the world is round?","world","edge","flat","Happy","That's quite great,","For if the world was flat,","I might've fallen off the edge"
"3TRB893CSJF7DOTX9VTOTS26THS7GN","3BRS3IGD6F05P371W1WHH81LAXOTRL","Writing Poetry!","Write a short (3 line) poem","Poetry, poem, mood, keywords, text","$0.01","Thu Apr 18 12:26:47 PDT 2019","3","BatchId:234712;OriginalHitTemplateId:920937243;","3600","259200","Thu Apr 25 12:26:47 PDT 2019","","","3BEFOD78W7YD8V5U82YDR5X94C44MQ","A3RQWVGJ1E0LLY","Approved","Mon Apr 22 18:32:42 PDT 2019","Mon Apr 22 18:37:09 PDT 2019","Thu Apr 25 18:37:09 PDT 2019","2019-04-26 01:38:07 UTC","","","267","100% (23/23)","100% (23/23)","100% (23/23)","THE EDGE OF THE WORLD (Where the Sidewalk Ends)","Columbus said the world is round?","world","edge","flat","Happy","I'm not saying that it's flat","For I have sailed and seen an edge","And I turned around at that"
"3S1L4CQSFXAJIQV05EZQLY4KTAYAFI","3BRS3IGD6F05P371W1WHH81LAXOTRL","Writing Poetry!","Write a short (3 line) poem","Poetry, poem, mood, keywords, text","$0.01","Thu Apr 18 12:26:47 PDT 2019","3","BatchId:234712;OriginalHitTemplateId:920937243;","3600","259200","Thu Apr 25 12:26:47 PDT 2019","","","3IFS6Q0HJJOAEXHEDOW3XF6Y1JRSI9","A2DIGKVLJWN955","Approved","Tue Apr 23 19:31:35 PDT 2019","Tue Apr 23 19:49:22 PDT 2019","Fri Apr 26 19:49:22 PDT 2019","","","","1067","100% (43/43)","100% (43/43)","100% (43/43)","THE PLANET OF MARS (Where the Sidewalk Ends)","On the planet of Mars","mars","laces","faces","Funny","There are many faces","What do they do?","They tie their shoelaces."
"3S1L4CQSFXAJIQV05EZQLY4KTAYAFI","3BRS3IGD6F05P371W1WHH81LAXOTRL","Writing Poetry!","Write a short (3 line) poem","Poetry, poem, mood, keywords, text","$0.01","Thu Apr 18 12:26:47 PDT 2019","3","BatchId:234712;OriginalHitTemplateId:920937243;","3600","259200","Thu Apr 25 12:26:47 PDT 2019","","","3K3R2QNK8C8XI9GFYZLQZNPJ3QQ9UO","ALPWT2JWPLXA1","Approved","Tue Apr 23 20:45:33 PDT 2019","Tue Apr 23 20:46:03 PDT 2019","Fri Apr 26 20:46:03 PDT 2019","","","","30","100% (64/64)","100% (64/64)","100% (64/64)","THE PLANET OF MARS (Where the Sidewalk Ends)","On the planet of Mars","mars","laces","faces","Funny","Elongated Muskrat faces","The problem of tying his laces","In a spacesuit"
"3S1L4CQSFXAJIQV05EZQLY4KTAYAFI","3BRS3IGD6F05P371W1WHH81LAXOTRL","Writing Poetry!","Write a short (3 line) poem","Poetry, poem, mood, keywords, text","$0.01","Thu Apr 18 12:26:47 PDT 2019","3","BatchId:234712;OriginalHitTemplateId:920937243;","3600","259200","Thu Apr 25 12:26:47 PDT 2019","","","3TGOYF991YRV214IWAGHVJCXGB9UU9","A2Y5XC6F1BYXS3","Approved","Thu Apr 25 09:35:50 PDT 2019","Thu Apr 25 09:36:15 PDT 2019","Sun Apr 28 09:36:15 PDT 2019","","","","25","100% (63/63)","100% (63/63)","100% (63/63)","THE PLANET OF MARS (Where the Sidewalk Ends)","On the planet of Mars","mars","laces","faces","Funny","there are no faces","only shoe laces","for the people of mars are lacefaces"
"37M4O367VJNSIUB0W5CM8D87YX95ME","3BRS3IGD6F05P371W1WHH81LAXOTRL","Writing Poetry!","Write a short (3 line) poem","Poetry, poem, mood, keywords, text","$0.01","Thu Apr 18 12:26:47 PDT 2019","3","BatchId:234712;OriginalHitTemplateId:920937243;","3600","259200","Thu Apr 25 12:26:47 PDT 2019","","","32UTUBMZ7H1GJHKC199RMFMS5X2BVP","AVR45JLAQN5ZC","Approved","Tue Apr 23 20:41:40 PDT 2019","Tue Apr 23 20:43:01 PDT 2019","Fri Apr 26 20:43:01 PDT 2019","","","","81","100% (81/81)","100% (81/81)","100% (81/81)","IT’S DARK IN HERE (Where the Sidewalk Ends)","I am writing these poems","lion","inside","dark","Funny","along with my friend Ryan","He has not written much","only ""dark inside lion"""
"37M4O367VJNSIUB0W5CM8D87YX95ME","3BRS3IGD6F05P371W1WHH81LAXOTRL","Writing Poetry!","Write a short (3 line) poem","Poetry, poem, mood, keywords, text","$0.01","Thu Apr 18 12:26:47 PDT 2019","3","BatchId:234712;OriginalHitTemplateId:920937243;","3600","259200","Thu Apr 25 12:26:47 PDT 2019","","","3P4RDNWND6BHFUYOQUNP5EFB504IJ9","A31BYUGRYXVLJL","Approved","Sun Apr 21 09:59:04 PDT 2019","Sun Apr 21 10:00:07 PDT 2019","Wed Apr 24 10:00:07 PDT 2019","2019-04-24 17:01:07 UTC","","","63","100% (29/29)","100% (29/29)","100% (29/29)","IT’S DARK IN HERE (Where the Sidewalk Ends)","I am writing these poems","lion","inside","dark","Funny","Inside the belly of a lion","It is very dark in here","But better than outside surrounded by annoying people I guess"
"37M4O367VJNSIUB0W5CM8D87YX95ME","3BRS3IGD6F05P371W1WHH81LAXOTRL","Writing Poetry!","Write a short (3 line) poem","Poetry, poem, mood, keywords, text","$0.01","Thu Apr 18 12:26:47 PDT 2019","3","BatchId:234712;OriginalHitTemplateId:920937243;","3600","259200","Thu Apr 25 12:26:47 PDT 2019","","","3WJEQKOXA97VEVZMOHP6KGV6YBAA14","ALPWT2JWPLXA1","Approved","Tue Apr 23 20:46:57 PDT 2019","Tue Apr 23 20:47:43 PDT 2019","Fri Apr 26 20:47:43 PDT 2019","","","","46","100% (64/64)","100% (64/64)","100% (64/64)","IT’S DARK IN HERE (Where the Sidewalk Ends)","I am writing these poems","lion","inside","dark","Funny","Like a lion inside a cage","I tell myself this","In my mother's basement"
"3CVBMEMMXBLLDKO8T1B6ESE78H57HM","3BRS3IGD6F05P371W1WHH81LAXOTRL","Writing Poetry!","Write a short (3 line) poem","Poetry, poem, mood, keywords, text","$0.01","Thu Apr 18 12:26:47 PDT 2019","3","BatchId:234712;OriginalHitTemplateId:920937243;","3600","259200","Thu Apr 25 12:26:47 PDT 2019","","","35L9RVQFCPNQXFYYWB9IC4N7M3XUHY","AVR45JLAQN5ZC","Approved","Tue Apr 23 20:28:39 PDT 2019","Tue Apr 23 20:31:06 PDT 2019","Fri Apr 26 20:31:06 PDT 2019","2019-04-27 03:31:07 UTC","","","147","100% (81/81)","100% (81/81)","100% (81/81)","COMPLAININ’ JACK (Falling Up)","This morning my old jack-in-the-box","jack-in-the-box","close","lid","Funny","Refused to close its lid","And, so with a sigh, I put on my shoes","then I step on it till it f*ckin closes"
"3CVBMEMMXBLLDKO8T1B6ESE78H57HM","3BRS3IGD6F05P371W1WHH81LAXOTRL","Writing Poetry!","Write a short (3 line) poem","Poetry, poem, mood, keywords, text","$0.01","Thu Apr 18 12:26:47 PDT 2019","3","BatchId:234712;OriginalHitTemplateId:920937243;","3600","259200","Thu Apr 25 12:26:47 PDT 2019","","","3BWI6RSP7HECFUV0T281H9CAMCXE7P","A31BYUGRYXVLJL","Approved","Sun Apr 21 10:01:49 PDT 2019","Sun Apr 21 10:02:28 PDT 2019","Wed Apr 24 10:02:28 PDT 2019","2019-04-24 17:03:07 UTC","","","39","100% (29/29)","100% (29/29)","100% (29/29)","COMPLAININ’ JACK (Falling Up)","This morning my old jack-in-the-box","jack-in-the-box","close","lid","Funny","Was being loud","I can't get him to stop talking","So I close the lid and shut him up"
"3CVBMEMMXBLLDKO8T1B6ESE78H57HM","3BRS3IGD6F05P371W1WHH81LAXOTRL","Writing Poetry!","Write a short (3 line) poem","Poetry, poem, mood, keywords, text","$0.01","Thu Apr 18 12:26:47 PDT 2019","3","BatchId:234712;OriginalHitTemplateId:920937243;","3600","259200","Thu Apr 25 12:26:47 PDT 2019","","","3M0BCWMB8W1TY6KHRJEN8H56C64BWZ","ALPWT2JWPLXA1","Approved","Tue Apr 23 20:41:50 PDT 2019","Tue Apr 23 20:42:39 PDT 2019","Fri Apr 26 20:42:39 PDT 2019","","","","49","100% (64/64)","100% (64/64)","100% (64/64)","COMPLAININ’ JACK (Falling Up)","This morning my old jack-in-the-box","jack-in-the-box","close","lid","Funny","Closed his lid when I popped him out","Maybe he realized he doesn't get paid enough","To see me nude everyday."
"3HRWUH63QU7Y0CW086RMLSX73NJ5NE","3BRS3IGD6F05P371W1WHH81LAXOTRL","Writing Poetry!","Write a short (3 line) poem","Poetry, poem, mood, keywords, text","$0.01","Thu Apr 18 12:26:47 PDT 2019","3","BatchId:234712;OriginalHitTemplateId:920937243;","3600","259200","Thu Apr 25 12:26:47 PDT 2019","","","3FDJT1UU75D0EQ9R1V47HKBJF385KV","A3CHZTDYHQVADE","Approved","Tue Apr 23 18:55:45 PDT 2019","Tue Apr 23 18:56:35 PDT 2019","Fri Apr 26 18:56:35 PDT 2019","2019-04-27 01:57:07 UTC","","","50","100% (34/34)","100% (34/34)","100% (34/34)","STONE AIRPLANE (Falling Up)","I made an airplane out of stone…","airplane","stone","home","Funny","I wanted to fly it high","But when I took it out my home","It wouldn't touch the sky. Why?"
"3HRWUH63QU7Y0CW086RMLSX73NJ5NE","3BRS3IGD6F05P371W1WHH81LAXOTRL","Writing Poetry!","Write a short (3 line) poem","Poetry, poem, mood, keywords, text","$0.01","Thu Apr 18 12:26:47 PDT 2019","3","BatchId:234712;OriginalHitTemplateId:920937243;","3600","259200","Thu Apr 25 12:26:47 PDT 2019","","","3NS0A6KXC5DTJIXXISQ88WQL9LYGZ9","A30VAVBAUXE301","Approved","Tue Apr 23 12:22:05 PDT 2019","Tue Apr 23 12:23:02 PDT 2019","Fri Apr 26 12:23:02 PDT 2019","2019-04-26 19:23:07 UTC","","","57","100% (44/44)","100% (44/44)","100% (44/44)","STONE AIRPLANE (Falling Up)","I made an airplane out of stone…","airplane","stone","home","Funny","I did not make it home","I guess that's why","They don't make airplanes out of stone"
"3HRWUH63QU7Y0CW086RMLSX73NJ5NE","3BRS3IGD6F05P371W1WHH81LAXOTRL","Writing Poetry!","Write a short (3 line) poem","Poetry, poem, mood, keywords, text","$0.01","Thu Apr 18 12:26:47 PDT 2019","3","BatchId:234712;OriginalHitTemplateId:920937243;","3600","259200","Thu Apr 25 12:26:47 PDT 2019","","","3TR2532VIQZ1MA3NOTE08BP6W9JJ6Q","A2DIGKVLJWN955","Approved","Tue Apr 23 19:23:38 PDT 2019","Tue Apr 23 19:23:55 PDT 2019","Fri Apr 26 19:23:55 PDT 2019","2019-04-27 02:24:07 UTC","","","17","100% (43/43)","100% (43/43)","100% (43/43)","STONE AIRPLANE (Falling Up)","I made an airplane out of stone…","airplane","stone","home","Funny","It didn't fly","Because it was made of stone","I want to go home..."
"3Q2T3FD0ONDP4FOWIMOTTGANK1I3MM","3BRS3IGD6F05P371W1WHH81LAXOTRL","Writing Poetry!","Write a short (3 line) poem","Poetry, poem, mood, keywords, text","$0.01","Thu Apr 18 12:26:47 PDT 2019","3","BatchId:234712;OriginalHitTemplateId:920937243;","3600","259200","Thu Apr 25 12:26:47 PDT 2019","","","34V1S5K3GT6CGYQE2HNNJHB304896M","ALPWT2JWPLXA1","Approved","Tue Apr 23 20:39:26 PDT 2019","Tue Apr 23 20:41:44 PDT 2019","Fri Apr 26 20:41:44 PDT 2019","","","","138","100% (64/64)","100% (64/64)","100% (64/64)","INVENTION (Where the Sidewalk Ends)","I’ve done it, I’ve done it!","done","i've","it","Funny","I've gone and I've done it,","Mother is livid that pops kicked the bucket!","I should never cook."
"3Q2T3FD0ONDP4FOWIMOTTGANK1I3MM","3BRS3IGD6F05P371W1WHH81LAXOTRL","Writing Poetry!","Write a short (3 line) poem","Poetry, poem, mood, keywords, text","$0.01","Thu Apr 18 12:26:47 PDT 2019","3","BatchId:234712;OriginalHitTemplateId:920937243;","3600","259200","Thu Apr 25 12:26:47 PDT 2019","","","37Q970SNZFDZERLG5HBX5GPCKHGS1H","A2DIGKVLJWN955","Approved","Tue Apr 23 19:22:52 PDT 2019","Tue Apr 23 19:23:10 PDT 2019","Fri Apr 26 19:23:10 PDT 2019","2019-04-27 02:24:07 UTC","","","18","100% (43/43)","100% (43/43)","100% (43/43)","INVENTION (Where the Sidewalk Ends)","I’ve done it, I’ve done it!","done","i've","it","Funny","Go me go me","You suck you suck","I rule the world."
"3Q2T3FD0ONDP4FOWIMOTTGANK1I3MM","3BRS3IGD6F05P371W1WHH81LAXOTRL","Writing Poetry!","Write a short (3 line) poem","Poetry, poem, mood, keywords, text","$0.01","Thu Apr 18 12:26:47 PDT 2019","3","BatchId:234712;OriginalHitTemplateId:920937243;","3600","259200","Thu Apr 25 12:26:47 PDT 2019","","","3QFUFYSY9ZK72LDDMFU0WFD07BX4FO","AVR45JLAQN5ZC","Approved","Tue Apr 23 20:39:27 PDT 2019","Tue Apr 23 20:41:37 PDT 2019","Fri Apr 26 20:41:37 PDT 2019","","","","130","100% (81/81)","100% (81/81)","100% (81/81)","INVENTION (Where the Sidewalk Ends)","I’ve done it, I’ve done it!","done","i've","it","Funny","I've travelled back in time","Back to the time of dinosaurs","where tax fraud is no longer a crime"
"3OKP4QVBP22PWQRVGY583J4WUPYAGH","3BRS3IGD6F05P371W1WHH81LAXOTRL","Writing Poetry!","Write a short (3 line) poem","Poetry, poem, mood, keywords, text","$0.01","Thu Apr 18 12:26:47 PDT 2019","3","BatchId:234712;OriginalHitTemplateId:920937243;","3600","259200","Thu Apr 25 12:26:47 PDT 2019","","","38BQUHLA9X5HCOFCRMDM533EL35OML","APICU54PD3JZF","Approved","Tue Apr 23 05:11:39 PDT 2019","Tue Apr 23 05:12:37 PDT 2019","Fri Apr 26 05:12:37 PDT 2019","2019-04-26 12:13:07 UTC","","","58","100% (22/22)","100% (22/22)","100% (22/22)","WHO (Where the Sidewalk Ends)","Who can kick a football","might","fought","policemen","Funny","So high it might start","Two or three policemen fighting","Because they are in awe"
"3OKP4QVBP22PWQRVGY583J4WUPYAGH","3BRS3IGD6F05P371W1WHH81LAXOTRL","Writing Poetry!","Write a short (3 line) poem","Poetry, poem, mood, keywords, text","$0.01","Thu Apr 18 12:26:47 PDT 2019","3","BatchId:234712;OriginalHitTemplateId:920937243;","3600","259200","Thu Apr 25 12:26:47 PDT 2019","","","3EQHHY4HQTXVC4D8B4JSJSJQ8MHG5T","A31BYUGRYXVLJL","Approved","Sun Apr 21 09:57:31 PDT 2019","Sun Apr 21 09:58:32 PDT 2019","Wed Apr 24 09:58:32 PDT 2019","2019-04-24 16:59:07 UTC","","","61","100% (29/29)","100% (29/29)","100% (29/29)","WHO (Where the Sidewalk Ends)","Who can kick a football","might","fought","policemen","Funny","With all his might?","Who has fought","many policemen?"
"3OKP4QVBP22PWQRVGY583J4WUPYAGH","3BRS3IGD6F05P371W1WHH81LAXOTRL","Writing Poetry!","Write a short (3 line) poem","Poetry, poem, mood, keywords, text","$0.01","Thu Apr 18 12:26:47 PDT 2019","3","BatchId:234712;OriginalHitTemplateId:920937243;","3600","259200","Thu Apr 25 12:26:47 PDT 2019","","","3IX2EGZR7COU8T17GHHYJ6G2SWWJRN","A2DIGKVLJWN955","Approved","Tue Apr 23 12:26:37 PDT 2019","Tue Apr 23 12:27:09 PDT 2019","Fri Apr 26 12:27:09 PDT 2019","2019-04-26 19:28:07 UTC","","","32","100% (43/43)","100% (43/43)","100% (43/43)","WHO (Where the Sidewalk Ends)","Who can kick a football","might","fought","policemen","Funny","any policeman","might be a neighbour","those who fought"
"33QQ60S6ASNC0VU881XWISTAUB10UG","3BRS3IGD6F05P371W1WHH81LAXOTRL","Writing Poetry!","Write a short (3 line) poem","Poetry, poem, mood, keywords, text","$0.01","Thu Apr 18 12:26:47 PDT 2019","3","BatchId:234712;OriginalHitTemplateId:920937243;","3600","259200","Thu Apr 25 12:26:47 PDT 2019","","","3OVR4I9USQO4TA3M0V5U8EHEED64QI","ALPWT2JWPLXA1","Approved","Tue Apr 23 20:42:41 PDT 2019","Tue Apr 23 20:44:26 PDT 2019","Fri Apr 26 20:44:26 PDT 2019","","","","105","100% (64/64)","100% (64/64)","100% (64/64)","THE FOURTH (Where the Sidewalk Ends)","Oh","bash","bang","fourth","Funny","no, I hear a bang","like the sky is bashing its head against the ground","it's the fourth; fireworks aren't a surprise"
"33QQ60S6ASNC0VU881XWISTAUB10UG","3BRS3IGD6F05P371W1WHH81LAXOTRL","Writing Poetry!","Write a short (3 line) poem","Poetry, poem, mood, keywords, text","$0.01","Thu Apr 18 12:26:47 PDT 2019","3","BatchId:234712;OriginalHitTemplateId:920937243;","3600","259200","Thu Apr 25 12:26:47 PDT 2019","","","3X0H8UUIT2TSFS1J250IY6F6GUZSWQ","A2Y5XC6F1BYXS3","Approved","Thu Apr 25 09:32:03 PDT 2019","Thu Apr 25 09:32:50 PDT 2019","Sun Apr 28 09:32:50 PDT 2019","","","","47","100% (63/63)","100% (63/63)","100% (63/63)","THE FOURTH (Where the Sidewalk Ends)","Oh","bash","bang","fourth","Funny","bang me","but don't bash me","because I'll be gone by the fourth"
"37OPIVELUU83WMM604NQOJGX9PBAHG","3BRS3IGD6F05P371W1WHH81LAXOTRL","Writing Poetry!","Write a short (3 line) poem","Poetry, poem, mood, keywords, text","$0.01","Thu Apr 18 12:26:47 PDT 2019","3","BatchId:234712;OriginalHitTemplateId:920937243;","3600","259200","Thu Apr 25 12:26:47 PDT 2019","","","32RIADZIST9G6QIZSZUZ3EWFW1Q4S6","A3CHZTDYHQVADE","Approved","Tue Apr 23 18:36:44 PDT 2019","Tue Apr 23 18:37:52 PDT 2019","Fri Apr 26 18:37:52 PDT 2019","2019-04-27 01:38:07 UTC","","","68","100% (34/34)","100% (34/34)","100% (34/34)","I MUST REMEMBER (Where the Sidewalk Ends)","I must remember…","dunce","must","remember","Funny","I must! I must!","What happened in December","Or else I'm but a Dunce"
"37OPIVELUU83WMM604NQOJGX9PBAHG","3BRS3IGD6F05P371W1WHH81LAXOTRL","Writing Poetry!","Write a short (3 line) poem","Poetry, poem, mood, keywords, text","$0.01","Thu Apr 18 12:26:47 PDT 2019","3","BatchId:234712;OriginalHitTemplateId:920937243;","3600","259200","Thu Apr 25 12:26:47 PDT 2019","","","3LEIZ60CDK4E48AP4MKYGF4Y58U9Z2","A32TTE4XXN6MQZ","Approved","Sun Apr 21 11:30:37 PDT 2019","Sun Apr 21 11:31:10 PDT 2019","Wed Apr 24 11:31:10 PDT 2019","2019-04-24 18:32:07 UTC","","","33","100% (24/24)","100% (24/24)","100% (23/23)","I MUST REMEMBER (Where the Sidewalk Ends)","I must remember…","dunce","must","remember","Funny","to remember","not to be a dunce","not even once"
"37OPIVELUU83WMM604NQOJGX9PBAHG","3BRS3IGD6F05P371W1WHH81LAXOTRL","Writing Poetry!","Write a short (3 line) poem","Poetry, poem, mood, keywords, text","$0.01","Thu Apr 18 12:26:47 PDT 2019","3","BatchId:234712;OriginalHitTemplateId:920937243;","3600","259200","Thu Apr 25 12:26:47 PDT 2019","","","3SB4CE2TJW034WKFVAADFPZ73QPAXW","ALPWT2JWPLXA1","Approved","Tue Apr 23 20:57:55 PDT 2019","Tue Apr 23 20:59:05 PDT 2019","Fri Apr 26 20:59:05 PDT 2019","","","","70","100% (64/64)","100% (64/64)","100% (64/64)","I MUST REMEMBER (Where the Sidewalk Ends)","I must remember…","dunce","must","remember","Funny","My keys, my car, my pants","My taxes, my meals, and,","my head. I'm a dunce."
"3EAWOID6MT2CDAJ8DR71EEVT8IA0V5","3BRS3IGD6F05P371W1WHH81LAXOTRL","Writing Poetry!","Write a short (3 line) poem","Poetry, poem, mood, keywords, text","$0.01","Thu Apr 18 12:26:47 PDT 2019","3","BatchId:234712;OriginalHitTemplateId:920937243;","3600","259200","Thu Apr 25 12:26:47 PDT 2019","","","3180JW2OT5H53639JA4VG5B60E95JX","ALPWT2JWPLXA1","Approved","Tue Apr 23 20:55:29 PDT 2019","Tue Apr 23 20:56:46 PDT 2019","Fri Apr 26 20:56:46 PDT 2019","","","","77","100% (64/64)","100% (64/64)","100% (64/64)","SCALE (Falling Up)","If I could only see the scale,","scale","pounds","weight","Sad","But my complexion is too pale and my skin too stale","To support my spindly, sickly, frail","body. I hope I live."
"3EAWOID6MT2CDAJ8DR71EEVT8IA0V5","3BRS3IGD6F05P371W1WHH81LAXOTRL","Writing Poetry!","Write a short (3 line) poem","Poetry, poem, mood, keywords, text","$0.01","Thu Apr 18 12:26:47 PDT 2019","3","BatchId:234712;OriginalHitTemplateId:920937243;","3600","259200","Thu Apr 25 12:26:47 PDT 2019","","","3L4PIM1GQULK3IW62HI1TTVQ506RYQ","A2DIGKVLJWN955","Approved","Tue Apr 23 19:21:46 PDT 2019","Tue Apr 23 19:22:50 PDT 2019","Fri Apr 26 19:22:50 PDT 2019","2019-04-27 02:23:07 UTC","","","64","100% (43/43)","100% (43/43)","100% (43/43)","SCALE (Falling Up)","If I could only see the scale,","scale","pounds","weight","Sad","I would see how fat I am","Fuck it who cares","Weight is just a number"
"3EAWOID6MT2CDAJ8DR71EEVT8IA0V5","3BRS3IGD6F05P371W1WHH81LAXOTRL","Writing Poetry!","Write a short (3 line) poem","Poetry, poem, mood, keywords, text","$0.01","Thu Apr 18 12:26:47 PDT 2019","3","BatchId:234712;OriginalHitTemplateId:920937243;","3600","259200","Thu Apr 25 12:26:47 PDT 2019","","","3TS1AR6UQRJ4L8VWODS7ZRXAYDX7FL","A2Y5XC6F1BYXS3","Approved","Thu Apr 25 09:37:45 PDT 2019","Thu Apr 25 09:38:43 PDT 2019","Sun Apr 28 09:38:43 PDT 2019","","","","58","100% (63/63)","100% (63/63)","100% (63/63)","SCALE (Falling Up)","If I could only see the scale,","scale","pounds","weight","Sad","I would see my weight","and see the thousands of pounds","but I can't even see the scale beneath my grotesque body"
"3GVPRXWRPHZL9FZSZJTRE4FM8UK7IF","3BRS3IGD6F05P371W1WHH81LAXOTRL","Writing Poetry!","Write a short (3 line) poem","Poetry, poem, mood, keywords, text","$0.01","Thu Apr 18 12:26:47 PDT 2019","3","BatchId:234712;OriginalHitTemplateId:920937243;","3600","259200","Thu Apr 25 12:26:47 PDT 2019","","","39ASUFLU6YC6U91RBFCZB8PYO5NEXV","ALPWT2JWPLXA1","Approved","Tue Apr 23 20:46:07 PDT 2019","Tue Apr 23 20:46:54 PDT 2019","Fri Apr 26 20:46:54 PDT 2019","","","","47","100% (64/64)","100% (64/64)","100% (64/64)","THE ACROBATS (Where the Sidewalk Ends)","I’ll swing","trapeze","sneeze","swing","Funny","into the endlessly cushioning tissue that is the sky","like a booger","cause I am one"
"3GVPRXWRPHZL9FZSZJTRE4FM8UK7IF","3BRS3IGD6F05P371W1WHH81LAXOTRL","Writing Poetry!","Write a short (3 line) poem","Poetry, poem, mood, keywords, text","$0.01","Thu Apr 18 12:26:47 PDT 2019","3","BatchId:234712;OriginalHitTemplateId:920937243;","3600","259200","Thu Apr 25 12:26:47 PDT 2019","","","3GS6S824SR2VZF9EU9JWZC50TVONW6","A2C1UPBEGUY9Y6","Approved","Wed Apr 24 20:03:30 PDT 2019","Wed Apr 24 20:05:18 PDT 2019","Sat Apr 27 20:05:18 PDT 2019","","","","108","100% (16/16)","100% (16/16)","100% (16/16)","THE ACROBATS (Where the Sidewalk Ends)","I’ll swing","trapeze","sneeze","swing","Funny","Like a monkey","From a trapeze","I hope I don't sneeze"
"3GVPRXWRPHZL9FZSZJTRE4FM8UK7IF","3BRS3IGD6F05P371W1WHH81LAXOTRL","Writing Poetry!","Write a short (3 line) poem","Poetry, poem, mood, keywords, text","$0.01","Thu Apr 18 12:26:47 PDT 2019","3","BatchId:234712;OriginalHitTemplateId:920937243;","3600","259200","Thu Apr 25 12:26:47 PDT 2019","","","3ZQIG0FLQFL87KINW05N9TZDFYTWVZ","A2Y5XC6F1BYXS3","Approved","Thu Apr 25 09:27:56 PDT 2019","Thu Apr 25 09:28:21 PDT 2019","Sun Apr 28 09:28:21 PDT 2019","","","","25","100% (63/63)","100% (63/63)","100% (63/63)","THE ACROBATS (Where the Sidewalk Ends)","I’ll swing","trapeze","sneeze","swing","Funny","on the trapeze","but if i sneeze","i might not be able to sneeze"
"3BO3NEOQM0M3SHXQ6M5BOVHC92QAI9","3BRS3IGD6F05P371W1WHH81LAXOTRL","Writing Poetry!","Write a short (3 line) poem","Poetry, poem, mood, keywords, text","$0.01","Thu Apr 18 12:26:47 PDT 2019","3","BatchId:234712;OriginalHitTemplateId:920937243;","3600","259200","Thu Apr 25 12:26:47 PDT 2019","","","323Q6SJS8JL1EX181MEJQ4M4CGJFHL","ALPWT2JWPLXA1","Approved","Tue Apr 23 20:53:58 PDT 2019","Tue Apr 23 20:54:29 PDT 2019","Fri Apr 26 20:54:29 PDT 2019","","","","31","100% (64/64)","100% (64/64)","100% (64/64)","A LIGHT IN THE ATTIC (A Light in the Attic)","There’s a light on in the attic.","attic","dark","inside","Neutral","Usually it's dark inside","In there, I keep my joy and pride","Anime figurines."
"3BO3NEOQM0M3SHXQ6M5BOVHC92QAI9","3BRS3IGD6F05P371W1WHH81LAXOTRL","Writing Poetry!","Write a short (3 line) poem","Poetry, poem, mood, keywords, text","$0.01","Thu Apr 18 12:26:47 PDT 2019","3","BatchId:234712;OriginalHitTemplateId:920937243;","3600","259200","Thu Apr 25 12:26:47 PDT 2019","","","3MAOD8E57RFAOFE44EFI1VJ72XDNXI","A32TTE4XXN6MQZ","Approved","Sun Apr 21 11:31:10 PDT 2019","Sun Apr 21 11:31:52 PDT 2019","Wed Apr 24 11:31:52 PDT 2019","2019-04-24 18:32:07 UTC","","","42","100% (24/24)","100% (24/24)","100% (23/23)","A LIGHT IN THE ATTIC (A Light in the Attic)","There’s a light on in the attic.","attic","dark","inside","Neutral","its dark inside my head","I think I think I think","I forgot to do instead"
"3BO3NEOQM0M3SHXQ6M5BOVHC92QAI9","3BRS3IGD6F05P371W1WHH81LAXOTRL","Writing Poetry!","Write a short (3 line) poem","Poetry, poem, mood, keywords, text","$0.01","Thu Apr 18 12:26:47 PDT 2019","3","BatchId:234712;OriginalHitTemplateId:920937243;","3600","259200","Thu Apr 25 12:26:47 PDT 2019","","","3TXWC2NHN0VH3WOB9UQQKM7VIT49S7","A3CHZTDYHQVADE","Approved","Tue Apr 23 18:46:08 PDT 2019","Tue Apr 23 18:46:54 PDT 2019","Fri Apr 26 18:46:54 PDT 2019","2019-04-27 01:47:07 UTC","","","46","100% (34/34)","100% (34/34)","100% (34/34)","A LIGHT IN THE ATTIC (A Light in the Attic)","There’s a light on in the attic.","attic","dark","inside","Neutral","Darkness","Darkness","Darkness"
"32W3UF2EZOQXDPV95BZY0PXH4NAC4Y","3BRS3IGD6F05P371W1WHH81LAXOTRL","Writing Poetry!","Write a short (3 line) poem","Poetry, poem, mood, keywords, text","$0.01","Thu Apr 18 12:26:47 PDT 2019","3","BatchId:234712;OriginalHitTemplateId:920937243;","3600","259200","Thu Apr 25 12:26:47 PDT 2019","","","345LHZDEDYXB37RZHQKG8AMX3YG3U1","AVR45JLAQN5ZC","Approved","Tue Apr 23 20:34:35 PDT 2019","Tue Apr 23 20:36:49 PDT 2019","Fri Apr 26 20:36:49 PDT 2019","2019-04-27 03:37:07 UTC","","","134","100% (81/81)","100% (81/81)","100% (81/81)","THE WORST (Where the Sidewalk Ends)","When singing songs of scariness,","ferocious","beast","scariness","Funny","Watch out for cruel, ferocious beasts","Some of them live in the jungle","but most of them live in Huntsman"
"32W3UF2EZOQXDPV95BZY0PXH4NAC4Y","3BRS3IGD6F05P371W1WHH81LAXOTRL","Writing Poetry!","Write a short (3 line) poem","Poetry, poem, mood, keywords, text","$0.01","Thu Apr 18 12:26:47 PDT 2019","3","BatchId:234712;OriginalHitTemplateId:920937243;","3600","259200","Thu Apr 25 12:26:47 PDT 2019","","","3C8HJ7UOP8ZTBSTJTVO3L1AI57LZMB","A2Y5XC6F1BYXS3","Approved","Thu Apr 25 09:25:16 PDT 2019","Thu Apr 25 09:27:55 PDT 2019","Sun Apr 28 09:27:55 PDT 2019","","","","159","100% (63/63)","100% (63/63)","100% (63/63)","THE WORST (Where the Sidewalk Ends)","When singing songs of scariness,","ferocious","beast","scariness","Funny","it becomes important to be ferocious","we ought not become beasts","for scariness comes to eats"
"32W3UF2EZOQXDPV95BZY0PXH4NAC4Y","3BRS3IGD6F05P371W1WHH81LAXOTRL","Writing Poetry!","Write a short (3 line) poem","Poetry, poem, mood, keywords, text","$0.01","Thu Apr 18 12:26:47 PDT 2019","3","BatchId:234712;OriginalHitTemplateId:920937243;","3600","259200","Thu Apr 25 12:26:47 PDT 2019","","","3YGXWBAF71M0Z9T3VD4ZO9SXAY3C4J","A30VAVBAUXE301","Approved","Tue Apr 23 12:25:16 PDT 2019","Tue Apr 23 12:26:09 PDT 2019","Fri Apr 26 12:26:09 PDT 2019","2019-04-26 19:27:07 UTC","","","53","100% (44/44)","100% (44/44)","100% (44/44)","THE WORST (Where the Sidewalk Ends)","When singing songs of scariness,","ferocious","beast","scariness","Funny","You must have a beast,","One that's ferocious","Or else it's not a song of scariness"
"307L9TDWJYXVMX9WUN3T6VZNPRS3NM","3BRS3IGD6F05P371W1WHH81LAXOTRL","Writing Poetry!","Write a short (3 line) poem","Poetry, poem, mood, keywords, text","$0.01","Thu Apr 18 12:26:47 PDT 2019","3","BatchId:234712;OriginalHitTemplateId:920937243;","3600","259200","Thu Apr 25 12:26:47 PDT 2019","","","3HRMW88U17VW97NTP1BBF27WN030ML","A2Y5XC6F1BYXS3","Approved","Thu Apr 25 09:38:44 PDT 2019","Thu Apr 25 09:39:26 PDT 2019","Sun Apr 28 09:39:26 PDT 2019","","","","42","100% (63/63)","100% (63/63)","100% (63/63)","CRYSTAL BALL (Falling Up)","Come see your life in my crystal glass—","crystal","past","lunch","Funny","I will see into your past","you can see what you had for lunch","nothing else is worth remembering with a crystal glass"
"307L9TDWJYXVMX9WUN3T6VZNPRS3NM","3BRS3IGD6F05P371W1WHH81LAXOTRL","Writing Poetry!","Write a short (3 line) poem","Poetry, poem, mood, keywords, text","$0.01","Thu Apr 18 12:26:47 PDT 2019","3","BatchId:234712;OriginalHitTemplateId:920937243;","3600","259200","Thu Apr 25 12:26:47 PDT 2019","","","3QHK8ZVMINNDNC8IN57LZ6OQEZYBL4","A30VAVBAUXE301","Approved","Tue Apr 23 12:19:35 PDT 2019","Tue Apr 23 12:20:35 PDT 2019","Fri Apr 26 12:20:35 PDT 2019","2019-04-26 19:21:07 UTC","","","60","100% (44/44)","100% (44/44)","100% (44/44)","CRYSTAL BALL (Falling Up)","Come see your life in my crystal glass—","crystal","past","lunch","Funny","It shows nothing from the future","Except if you squint hard enough","The crystal will show you a lunch from the past"
"307L9TDWJYXVMX9WUN3T6VZNPRS3NM","3BRS3IGD6F05P371W1WHH81LAXOTRL","Writing Poetry!","Write a short (3 line) poem","Poetry, poem, mood, keywords, text","$0.01","Thu Apr 18 12:26:47 PDT 2019","3","BatchId:234712;OriginalHitTemplateId:920937243;","3600","259200","Thu Apr 25 12:26:47 PDT 2019","","","3SNVL38CI5XLDBI6G5RFVQHT7KVCKB","ALPWT2JWPLXA1","Approved","Tue Apr 23 20:48:42 PDT 2019","Tue Apr 23 20:49:30 PDT 2019","Fri Apr 26 20:49:30 PDT 2019","","","","48","100% (64/64)","100% (64/64)","100% (64/64)","CRYSTAL BALL (Falling Up)","Come see your life in my crystal glass—","crystal","past","lunch","Funny","I can divine the meaning of the distant past~","I see the lunch you ate yesterday...","God that's a lot of yogurt"
"3UOMW19E6DBF98Z9JGI85H3V4J5C53","3BRS3IGD6F05P371W1WHH81LAXOTRL","Writing Poetry!","Write a short (3 line) poem","Poetry, poem, mood, keywords, text","$0.01","Thu Apr 18 12:26:47 PDT 2019","3","BatchId:234712;OriginalHitTemplateId:920937243;","3600","259200","Thu Apr 25 12:26:47 PDT 2019","","","36DSNE9QZ63RBG9ROP0UPBBXH93JO5","A32TTE4XXN6MQZ","Approved","Sun Apr 21 11:27:33 PDT 2019","Sun Apr 21 11:29:22 PDT 2019","Wed Apr 24 11:29:22 PDT 2019","2019-04-24 18:30:07 UTC","","","109","100% (24/24)","100% (24/24)","100% (23/23)","HOW NOT TO HAVE TO DRY THE DISHES (Falling Up)","If you have to dry the dishes","drop","dishes","chore","Funny","you don't have to put them in the dishwasher or sink","you're done, sit down","and get a drink"
"3UOMW19E6DBF98Z9JGI85H3V4J5C53","3BRS3IGD6F05P371W1WHH81LAXOTRL","Writing Poetry!","Write a short (3 line) poem","Poetry, poem, mood, keywords, text","$0.01","Thu Apr 18 12:26:47 PDT 2019","3","BatchId:234712;OriginalHitTemplateId:920937243;","3600","259200","Thu Apr 25 12:26:47 PDT 2019","","","3JMSRU9HQJZEQKWWB0BHNNSD8UEVE8","A2DIGKVLJWN955","Approved","Tue Apr 23 19:51:20 PDT 2019","Tue Apr 23 19:51:49 PDT 2019","Fri Apr 26 19:51:49 PDT 2019","","","","29","100% (43/43)","100% (43/43)","100% (43/43)","HOW NOT TO HAVE TO DRY THE DISHES (Falling Up)","If you have to dry the dishes","drop","dishes","chore","Funny","Don't make it a chore","That'll make it a bore","Instead, just drop the dishes."
"3UOMW19E6DBF98Z9JGI85H3V4J5C53","3BRS3IGD6F05P371W1WHH81LAXOTRL","Writing Poetry!","Write a short (3 line) poem","Poetry, poem, mood, keywords, text","$0.01","Thu Apr 18 12:26:47 PDT 2019","3","BatchId:234712;OriginalHitTemplateId:920937243;","3600","259200","Thu Apr 25 12:26:47 PDT 2019","","","3Y4W8Q93L0P9YEIWF50XH5AS8IKVDM","A2C1UPBEGUY9Y6","Approved","Wed Apr 24 20:06:19 PDT 2019","Wed Apr 24 20:06:50 PDT 2019","Sat Apr 27 20:06:50 PDT 2019","","","","31","100% (16/16)","100% (16/16)","100% (16/16)","HOW NOT TO HAVE TO DRY THE DISHES (Falling Up)","If you have to dry the dishes","drop","dishes","chore","Funny","But you don't want to ever again","Drop them on the floor","And your parents will give in"
"3YGE63DIN82PSZJD31CX0GE7FRC0WF","3BRS3IGD6F05P371W1WHH81LAXOTRL","Writing Poetry!","Write a short (3 line) poem","Poetry, poem, mood, keywords, text","$0.01","Thu Apr 18 12:26:47 PDT 2019","3","BatchId:234712;OriginalHitTemplateId:920937243;","3600","259200","Thu Apr 25 12:26:47 PDT 2019","","","38F5OAUN5OHOZ4M2J3G72C9NES27HB","ALPWT2JWPLXA1","Approved","Wed Apr 24 06:32:34 PDT 2019","Wed Apr 24 06:33:26 PDT 2019","Sat Apr 27 06:33:26 PDT 2019","","","","52","100% (64/64)","100% (64/64)","100% (64/64)","WARNING (Where the Sidewalk Ends)","Inside everybody’s nose","sharp-toothed","bite","nail","Neutral","There lies a sharp toothed","Nail biting","Booger-man."
"3YGE63DIN82PSZJD31CX0GE7FRC0WF","3BRS3IGD6F05P371W1WHH81LAXOTRL","Writing Poetry!","Write a short (3 line) poem","Poetry, poem, mood, keywords, text","$0.01","Thu Apr 18 12:26:47 PDT 2019","3","BatchId:234712;OriginalHitTemplateId:920937243;","3600","259200","Thu Apr 25 12:26:47 PDT 2019","","","3FTYUGLFSVQS0K3H9EIKD7GTVUID5X","AHJ6UEG2YC0Q3","Approved","Wed Apr 24 18:35:37 PDT 2019","Wed Apr 24 18:36:21 PDT 2019","Sat Apr 27 18:36:21 PDT 2019","","","","44","100% (24/24)","100% (24/24)","100% (24/24)","WARNING (Where the Sidewalk Ends)","Inside everybody’s nose","sharp-toothed","bite","nail","Neutral","there would be a sharp-toothed gaurd","who has nails","and he would bite you if you are there"
"3YGE63DIN82PSZJD31CX0GE7FRC0WF","3BRS3IGD6F05P371W1WHH81LAXOTRL","Writing Poetry!","Write a short (3 line) poem","Poetry, poem, mood, keywords, text","$0.01","Thu Apr 18 12:26:47 PDT 2019","3","BatchId:234712;OriginalHitTemplateId:920937243;","3600","259200","Thu Apr 25 12:26:47 PDT 2019","","","3TXD01ZLD5MWL3A3H4PZIFE3HYB4UM","A3CHZTDYHQVADE","Approved","Tue Apr 23 18:38:00 PDT 2019","Tue Apr 23 18:39:16 PDT 2019","Fri Apr 26 18:39:16 PDT 2019","2019-04-27 01:40:07 UTC","","","76","100% (34/34)","100% (34/34)","100% (34/34)","WARNING (Where the Sidewalk Ends)","Inside everybody’s nose","sharp-toothed","bite","nail","Neutral","A sharp-toothed pigeon hides","Inside everyones home","a child bites his nails and cries"
"35ZRNT9RUI3D4I98V236LKZSF1X3O1","3BRS3IGD6F05P371W1WHH81LAXOTRL","Writing Poetry!","Write a short (3 line) poem","Poetry, poem, mood, keywords, text","$0.01","Thu Apr 18 12:26:47 PDT 2019","3","BatchId:234712;OriginalHitTemplateId:920937243;","3600","259200","Thu Apr 25 12:26:47 PDT 2019","","","3FQ5JJ512MT44FFX5V0TB1B56O8NK3","A2DIGKVLJWN955","Approved","Tue Apr 23 19:27:09 PDT 2019","Tue Apr 23 19:27:25 PDT 2019","Fri Apr 26 19:27:25 PDT 2019","2019-04-27 02:28:07 UTC","","","16","100% (43/43)","100% (43/43)","100% (43/43)","CAPTAIN HOOK (Where the Sidewalk Ends)","Captain Hook must remember","hook","captain","careful","Funny","to be careful","or else Blackbeard","Will rob you"
"35ZRNT9RUI3D4I98V236LKZSF1X3O1","3BRS3IGD6F05P371W1WHH81LAXOTRL","Writing Poetry!","Write a short (3 line) poem","Poetry, poem, mood, keywords, text","$0.01","Thu Apr 18 12:26:47 PDT 2019","3","BatchId:234712;OriginalHitTemplateId:920937243;","3600","259200","Thu Apr 25 12:26:47 PDT 2019","","","3HWRJOOET67YYSFSH56CC0869QKESM","A3CHZTDYHQVADE","Approved","Tue Apr 23 18:41:33 PDT 2019","Tue Apr 23 18:43:30 PDT 2019","Fri Apr 26 18:43:30 PDT 2019","2019-04-27 01:44:07 UTC","","","117","100% (34/34)","100% (34/34)","100% (34/34)","CAPTAIN HOOK (Where the Sidewalk Ends)","Captain Hook must remember","hook","captain","careful","Funny","when he tries on his new bling","Captain Hook must remember","to be careful with that thing"
"35ZRNT9RUI3D4I98V236LKZSF1X3O1","3BRS3IGD6F05P371W1WHH81LAXOTRL","Writing Poetry!","Write a short (3 line) poem","Poetry, poem, mood, keywords, text","$0.01","Thu Apr 18 12:26:47 PDT 2019","3","BatchId:234712;OriginalHitTemplateId:920937243;","3600","259200","Thu Apr 25 12:26:47 PDT 2019","","","3WMINLGALC8F1Y9K4EEQ1CEX281ACU","ALPWT2JWPLXA1","Approved","Tue Apr 23 20:49:34 PDT 2019","Tue Apr 23 20:50:04 PDT 2019","Fri Apr 26 20:50:04 PDT 2019","","","","30","100% (64/64)","100% (64/64)","100% (64/64)","CAPTAIN HOOK (Where the Sidewalk Ends)","Captain Hook must remember","hook","captain","careful","Funny","To be careful around crocodiles","I mean","That's why he doesn't have a hand anymore???"
"3MJ28H2Y1EDGIXWC9LRZ0HXCTXO5OT","3BRS3IGD6F05P371W1WHH81LAXOTRL","Writing Poetry!","Write a short (3 line) poem","Poetry, poem, mood, keywords, text","$0.01","Thu Apr 18 12:26:47 PDT 2019","3","BatchId:234712;OriginalHitTemplateId:920937243;","3600","259200","Thu Apr 25 12:26:47 PDT 2019","","","3300DTYQT3MMLC0FP1H7H0T5R26QEG","A2C1UPBEGUY9Y6","Approved","Wed Apr 24 20:05:23 PDT 2019","Wed Apr 24 20:06:14 PDT 2019","Sat Apr 27 20:06:14 PDT 2019","","","","51","100% (16/16)","100% (16/16)","100% (16/16)","MY ZOOOTCH (Every Thing On It)","I never have nightmares,","nightmares","never","have","Funny","But I do get scared","Of the monster under my bed","And I wake up with bed-head"
"3MJ28H2Y1EDGIXWC9LRZ0HXCTXO5OT","3BRS3IGD6F05P371W1WHH81LAXOTRL","Writing Poetry!","Write a short (3 line) poem","Poetry, poem, mood, keywords, text","$0.01","Thu Apr 18 12:26:47 PDT 2019","3","BatchId:234712;OriginalHitTemplateId:920937243;","3600","259200","Thu Apr 25 12:26:47 PDT 2019","","","3IHR8NYAM86JTY270IQ589R49HU4P1","A2Y5XC6F1BYXS3","Approved","Thu Apr 25 09:34:42 PDT 2019","Thu Apr 25 09:35:23 PDT 2019","Sun Apr 28 09:35:23 PDT 2019","","","","41","100% (63/63)","100% (63/63)","100% (63/63)","MY ZOOOTCH (Every Thing On It)","I never have nightmares,","nightmares","never","have","Funny","but i sometimes have never","and sometimes i dont have","but I never have nightmares"
"3M7OI89LVYTBSCZNOZSDXNHV0EGC6J","3BRS3IGD6F05P371W1WHH81LAXOTRL","Writing Poetry!","Write a short (3 line) poem","Poetry, poem, mood, keywords, text","$0.01","Thu Apr 18 12:26:47 PDT 2019","3","BatchId:234712;OriginalHitTemplateId:920937243;","3600","259200","Thu Apr 25 12:26:47 PDT 2019","","","3R0T90IZ1THGBPMNQE60XYP003ECG8","ALPWT2JWPLXA1","Approved","Tue Apr 23 20:47:47 PDT 2019","Tue Apr 23 20:48:39 PDT 2019","Fri Apr 26 20:48:39 PDT 2019","","","","52","100% (64/64)","100% (64/64)","100% (64/64)","NOPE (Falling Up)","I put a piece of cantaloupe","cantaloupe","microscope","nope","Funny","On my brothers plate, his face went ""nope""","Though the piece couldn't seen be seen with a microscope","He seems to prefer artichokes"
"3M7OI89LVYTBSCZNOZSDXNHV0EGC6J","3BRS3IGD6F05P371W1WHH81LAXOTRL","Writing Poetry!","Write a short (3 line) poem","Poetry, poem, mood, keywords, text","$0.01","Thu Apr 18 12:26:47 PDT 2019","3","BatchId:234712;OriginalHitTemplateId:920937243;","3600","259200","Thu Apr 25 12:26:47 PDT 2019","","","3RJSC4XJ11ZY102NX2UPY0WA15D05V","A2Y5XC6F1BYXS3","Approved","Thu Apr 25 09:32:50 PDT 2019","Thu Apr 25 09:33:43 PDT 2019","Sun Apr 28 09:33:43 PDT 2019","","","","53","100% (63/63)","100% (63/63)","100% (63/63)","NOPE (Falling Up)","I put a piece of cantaloupe","cantaloupe","microscope","nope","Funny","under the microscope","I realized it was covered in rats and exclaimed nope","then I swore to never again put a piece of cantaloupe under the microscope"
"3M7OI89LVYTBSCZNOZSDXNHV0EGC6J","3BRS3IGD6F05P371W1WHH81LAXOTRL","Writing Poetry!","Write a short (3 line) poem","Poetry, poem, mood, keywords, text","$0.01","Thu Apr 18 12:26:47 PDT 2019","3","BatchId:234712;OriginalHitTemplateId:920937243;","3600","259200","Thu Apr 25 12:26:47 PDT 2019","","","3WMINLGALC8F1Y9K4EEQ1CEX28QCAL","A32TTE4XXN6MQZ","Approved","Sun Apr 21 11:29:22 PDT 2019","Sun Apr 21 11:30:36 PDT 2019","Wed Apr 24 11:30:36 PDT 2019","2019-04-24 18:31:07 UTC","","","74","100% (24/24)","100% (24/24)","100% (23/23)","NOPE (Falling Up)","I put a piece of cantaloupe","cantaloupe","microscope","nope","Funny","underneath my microscope","was it all that I had hoped?","nope!"
"3H781YYV6TNWR8UDG361YL9C5Y4ETP","3BRS3IGD6F05P371W1WHH81LAXOTRL","Writing Poetry!","Write a short (3 line) poem","Poetry, poem, mood, keywords, text","$0.01","Thu Apr 18 12:26:47 PDT 2019","3","BatchId:234712;OriginalHitTemplateId:920937243;","3600","259200","Thu Apr 25 12:26:47 PDT 2019","","","3A1COHJ8NK0SZIRLT88DGC5IPC4H84","A30VAVBAUXE301","Approved","Tue Apr 23 12:27:00 PDT 2019","Tue Apr 23 12:28:45 PDT 2019","Fri Apr 26 12:28:45 PDT 2019","2019-04-26 19:29:07 UTC","","","105","100% (44/44)","100% (44/44)","100% (44/44)","MY RULES (Where the Sidewalk Ends)","If you want to marry me, here’s what you’ll have to do:","marry","rules","troubled","Funny","Listen closely to my rules,","For if you want to marry me,","Don't be troubled by my updo"
"3H781YYV6TNWR8UDG361YL9C5Y4ETP","3BRS3IGD6F05P371W1WHH81LAXOTRL","Writing Poetry!","Write a short (3 line) poem","Poetry, poem, mood, keywords, text","$0.01","Thu Apr 18 12:26:47 PDT 2019","3","BatchId:234712;OriginalHitTemplateId:920937243;","3600","259200","Thu Apr 25 12:26:47 PDT 2019","","","3U8YCDAGXQLNUMLLHUISWBR1X100Q8","A2Y5XC6F1BYXS3","Approved","Thu Apr 25 09:39:59 PDT 2019","Thu Apr 25 09:40:31 PDT 2019","Sun Apr 28 09:40:31 PDT 2019","","","","32","100% (63/63)","100% (63/63)","100% (63/63)","MY RULES (Where the Sidewalk Ends)","If you want to marry me, here’s what you’ll have to do:","marry","rules","troubled","Funny","You have to first marry a frog","That's the rules","Don't be troubled, they're cute!"
"3H781YYV6TNWR8UDG361YL9C5Y4ETP","3BRS3IGD6F05P371W1WHH81LAXOTRL","Writing Poetry!","Write a short (3 line) poem","Poetry, poem, mood, keywords, text","$0.01","Thu Apr 18 12:26:47 PDT 2019","3","BatchId:234712;OriginalHitTemplateId:920937243;","3600","259200","Thu Apr 25 12:26:47 PDT 2019","","","3Z3ZLGNNSJZJBEKI0H0BY9P80DA3QW","AVR45JLAQN5ZC","Approved","Tue Apr 23 20:31:53 PDT 2019","Tue Apr 23 20:33:10 PDT 2019","Fri Apr 26 20:33:10 PDT 2019","2019-04-27 03:34:07 UTC","","","77","100% (81/81)","100% (81/81)","100% (81/81)","MY RULES (Where the Sidewalk Ends)","If you want to marry me, here’s what you’ll have to do:","marry","rules","troubled","Funny","Follow these simple rules for me","Never let me go to bed troubled, daily","And read the last word from each line"
"3RIHDBQ1NE34YNVVX7DVXABX360HM7","3BRS3IGD6F05P371W1WHH81LAXOTRL","Writing Poetry!","Write a short (3 line) poem","Poetry, poem, mood, keywords, text","$0.01","Thu Apr 18 12:26:47 PDT 2019","3","BatchId:234712;OriginalHitTemplateId:920937243;","3600","259200","Thu Apr 25 12:26:47 PDT 2019","","","36WLNQG780FZH6YQ6JKHMBY652OBE8","A31BYUGRYXVLJL","Approved","Sun Apr 21 09:52:59 PDT 2019","Sun Apr 21 09:54:02 PDT 2019","Wed Apr 24 09:54:02 PDT 2019","2019-04-24 16:54:07 UTC","","","63","100% (29/29)","100% (29/29)","100% (29/29)","DIVING BOARD (Falling Up)","You’ve been up on that diving board","diving","board","dive","Funny","the board is very high up","the pool looks small","instead of diving, you turn around and walk back down the ladder"
"3RIHDBQ1NE34YNVVX7DVXABX360HM7","3BRS3IGD6F05P371W1WHH81LAXOTRL","Writing Poetry!","Write a short (3 line) poem","Poetry, poem, mood, keywords, text","$0.01","Thu Apr 18 12:26:47 PDT 2019","3","BatchId:234712;OriginalHitTemplateId:920937243;","3600","259200","Thu Apr 25 12:26:47 PDT 2019","","","3TU5ZICBRE65CBQOCYV7PQXJGZ28QT","AVR45JLAQN5ZC","Approved","Tue Apr 23 20:36:51 PDT 2019","Tue Apr 23 20:38:37 PDT 2019","Fri Apr 26 20:38:37 PDT 2019","2019-04-27 03:39:07 UTC","","","106","100% (81/81)","100% (81/81)","100% (81/81)","DIVING BOARD (Falling Up)","You’ve been up on that diving board","diving","board","dive","Funny","For much longer then you may know","Before the dive, your beard was one inch","But now it reaches your toe"
"3RIHDBQ1NE34YNVVX7DVXABX360HM7","3BRS3IGD6F05P371W1WHH81LAXOTRL","Writing Poetry!","Write a short (3 line) poem","Poetry, poem, mood, keywords, text","$0.01","Thu Apr 18 12:26:47 PDT 2019","3","BatchId:234712;OriginalHitTemplateId:920937243;","3600","259200","Thu Apr 25 12:26:47 PDT 2019","","","3WLEIWSYHPMHD3PWDRZC6LSF3CDH22","A3CHZTDYHQVADE","Approved","Tue Apr 23 18:43:58 PDT 2019","Tue Apr 23 18:45:52 PDT 2019","Fri Apr 26 18:45:52 PDT 2019","2019-04-27 01:46:07 UTC","","","114","100% (34/34)","100% (34/34)","100% (34/34)","DIVING BOARD (Falling Up)","You’ve been up on that diving board","diving","board","dive","Funny","waiting for farrrrr tooooo looooong","What are you waiting for Charles?","Belly flops barely hurt"
"388CL5C1RJSKS5DAXVCGXXW831AHL5","3BRS3IGD6F05P371W1WHH81LAXOTRL","Writing Poetry!","Write a short (3 line) poem","Poetry, poem, mood, keywords, text","$0.01","Thu Apr 18 12:26:47 PDT 2019","3","BatchId:234712;OriginalHitTemplateId:920937243;","3600","259200","Thu Apr 25 12:26:47 PDT 2019","","","32M8BPYGAUR7OS8NIO2M81NVD8XGID","A2DIGKVLJWN955","Approved","Tue Apr 23 19:24:13 PDT 2019","Tue Apr 23 19:24:37 PDT 2019","Fri Apr 26 19:24:37 PDT 2019","2019-04-27 02:25:07 UTC","","","24","100% (43/43)","100% (43/43)","100% (43/43)","HAPPY ENDING? (Every Thing On It)","There are no happy endings.","endings","start","happy","Neutral","Only happy starts","Once upon a merry time","The end."
"388CL5C1RJSKS5DAXVCGXXW831AHL5","3BRS3IGD6F05P371W1WHH81LAXOTRL","Writing Poetry!","Write a short (3 line) poem","Poetry, poem, mood, keywords, text","$0.01","Thu Apr 18 12:26:47 PDT 2019","3","BatchId:234712;OriginalHitTemplateId:920937243;","3600","259200","Thu Apr 25 12:26:47 PDT 2019","","","34S9DKFK74UZOK4E9A1KK9QG437NYO","A32TTE4XXN6MQZ","Approved","Sun Apr 21 11:31:52 PDT 2019","Sun Apr 21 11:33:01 PDT 2019","Wed Apr 24 11:33:01 PDT 2019","2019-04-24 18:33:07 UTC","","","69","100% (24/24)","100% (24/24)","100% (23/23)","HAPPY ENDING? (Every Thing On It)","There are no happy endings.","endings","start","happy","Neutral","and there was just one","someone started to be happy","and so was every one."
"388CL5C1RJSKS5DAXVCGXXW831AHL5","3BRS3IGD6F05P371W1WHH81LAXOTRL","Writing Poetry!","Write a short (3 line) poem","Poetry, poem, mood, keywords, text","$0.01","Thu Apr 18 12:26:47 PDT 2019","3","BatchId:234712;OriginalHitTemplateId:920937243;","3600","259200","Thu Apr 25 12:26:47 PDT 2019","","","3QHK8ZVMINNDNC8IN57LZ6OQEZ0BL6","AVR45JLAQN5ZC","Approved","Tue Apr 23 20:38:40 PDT 2019","Tue Apr 23 20:39:25 PDT 2019","Fri Apr 26 20:39:25 PDT 2019","2019-04-27 03:40:07 UTC","","","45","100% (81/81)","100% (81/81)","100% (81/81)","HAPPY ENDING? (Every Thing On It)","There are no happy endings.","endings","start","happy","Neutral","There are no happy starts","There are only happy middles","before the broken hearts"
"3EPG8DX9LKVY3X8DOL4EPH2232K5PA","3BRS3IGD6F05P371W1WHH81LAXOTRL","Writing Poetry!","Write a short (3 line) poem","Poetry, poem, mood, keywords, text","$0.01","Thu Apr 18 12:26:47 PDT 2019","3","BatchId:234712;OriginalHitTemplateId:920937243;","3600","259200","Thu Apr 25 12:26:47 PDT 2019","","","36W0OB37HXJ7JES82Y8QTW2MOLFHZD","ALPWT2JWPLXA1","Approved","Wed Apr 24 06:34:15 PDT 2019","Wed Apr 24 06:34:48 PDT 2019","Sat Apr 27 06:34:48 PDT 2019","","","","33","100% (64/64)","100% (64/64)","100% (64/64)","YEARS FROM NOW (Every Thing On It)","Although I cannot see your face","smile","face","laughing","Happy","I know you're smiling and laughing anyway","At me because","I try hard to make you do so"
"3EPG8DX9LKVY3X8DOL4EPH2232K5PA","3BRS3IGD6F05P371W1WHH81LAXOTRL","Writing Poetry!","Write a short (3 line) poem","Poetry, poem, mood, keywords, text","$0.01","Thu Apr 18 12:26:47 PDT 2019","3","BatchId:234712;OriginalHitTemplateId:920937243;","3600","259200","Thu Apr 25 12:26:47 PDT 2019","","","3IKZ72A5B5LTOTNJ4K9WVOJ0YSRNF1","A2DIGKVLJWN955","Approved","Tue Apr 23 19:23:56 PDT 2019","Tue Apr 23 19:24:10 PDT 2019","Fri Apr 26 19:24:10 PDT 2019","2019-04-27 02:25:07 UTC","","","14","100% (43/43)","100% (43/43)","100% (43/43)","YEARS FROM NOW (Every Thing On It)","Although I cannot see your face","smile","face","laughing","Happy","You must smile","You must be laughing","You must be happy"
"3EPG8DX9LKVY3X8DOL4EPH2232K5PA","3BRS3IGD6F05P371W1WHH81LAXOTRL","Writing Poetry!","Write a short (3 line) poem","Poetry, poem, mood, keywords, text","$0.01","Thu Apr 18 12:26:47 PDT 2019","3","BatchId:234712;OriginalHitTemplateId:920937243;","3600","259200","Thu Apr 25 12:26:47 PDT 2019","","","3LBXNTKX0S0PZDAA34WDJUONX859XE","A30VAVBAUXE301","Approved","Tue Apr 23 12:29:49 PDT 2019","Tue Apr 23 12:31:06 PDT 2019","Fri Apr 26 12:31:06 PDT 2019","2019-04-26 19:31:07 UTC","","","77","100% (44/44)","100% (44/44)","100% (44/44)","YEARS FROM NOW (Every Thing On It)","Although I cannot see your face","smile","face","laughing","Happy","I can feel your smile","I can sense you laughing","I'm glad your face is in my head"